[{"model": "category.category", "pk": 1, "fields": {"is_active": true, "created_at": "2023-02-14T08:39:34.561Z", "updated_at": "2023-02-14T08:39:34.561Z", "category_name": "jackets", "slug": "jackets", "description": "jackets", "cat_image": "photos/categories/jackets.jpg"}}, {"model": "category.category", "pk": 2, "fields": {"is_active": true, "created_at": "2023-02-14T08:41:00.536Z", "updated_at": "2023-02-14T08:41:00.536Z", "category_name": "jeans", "slug": "jeans", "description": "jeans", "cat_image": "photos/categories/jeans.jpg"}}, {"model": "category.category", "pk": 3, "fields": {"is_active": true, "created_at": "2023-02-14T08:41:50.368Z", "updated_at": "2023-02-14T08:41:50.368Z", "category_name": "shirts", "slug": "shirts", "description": "shirts", "cat_image": "photos/categories/shirts.jpg"}}, {"model": "category.category", "pk": 4, "fields": {"is_active": true, "created_at": "2023-02-14T08:42:16.031Z", "updated_at": "2023-02-14T08:42:16.031Z", "category_name": "shoes", "slug": "shoes", "description": "shoes", "cat_image": "photos/categories/shoes.png"}}, {"model": "category.category", "pk": 5, "fields": {"is_active": false, "created_at": "2023-02-14T08:42:43.407Z", "updated_at": "2023-02-14T08:42:43.407Z", "category_name": "T Shirts", "slug": "t-shirts", "description": "T Shirts", "cat_image": "photos/categories/tshirts.jpg"}}, {"model": "accounts.account", "pk": 1, "fields": {"password": "pbkdf2_sha256$260000$q447vGVRfG5B7to9Sn7UYS$EgzDw3nhYxMmWGtWHVi0dSeNaN6iLPoOyLRihUAZgUc=", "first_name": "dhruvil", "last_name": "panchal", "username": "admin", "email": "admin@gmail.com", "phone": "", "date_joined": "2023-02-14T07:45:52.263Z", "last_login": "2023-03-06T07:10:30.681Z", "is_admin": true, "is_staff": true, "is_superadmin": true, "is_active": true}}, {"model": "accounts.account", "pk": 5, "fields": {"password": "pbkdf2_sha256$260000$pnWj7XYitb76IuNdygHb50$qtitluJNkFFyWCCrl7p+JsHS9TXoqYDpf/8O59cdwu8=", "first_name": "Dhruvil", "last_name": "Panchal", "username": "person1", "email": "person1@yopmail.com", "phone": "6354023031", "date_joined": "2023-02-21T10:25:43.042Z", "last_login": "2023-03-09T09:46:22.468Z", "is_admin": false, "is_staff": false, "is_superadmin": false, "is_active": true}}, {"model": "accounts.account", "pk": 15, "fields": {"password": "pbkdf2_sha256$260000$BLF245QReUdKkFnt6p1ASn$YMtNXZL47b3kbq5uGzq+dtcxhOSKYIK7CjHEpFF8No8=", "first_name": "person2", "last_name": "person2", "username": "person2", "email": "person2@yopmail.com", "phone": "6354023020", "date_joined": "2023-02-23T10:33:26.431Z", "last_login": "2023-02-23T11:11:29.751Z", "is_admin": false, "is_staff": false, "is_superadmin": false, "is_active": true}}, {"model": "accounts.account", "pk": 16, "fields": {"password": "pbkdf2_sha256$260000$I4ixTkcRIjAuH9ugYIs3rZ$9afcWSAgxvdmj0aXiLrGD3hd7Cbzz2uOYaE9jETSRRQ=", "first_name": "Dhruvil", "last_name": "Panchal", "username": "dhruvil", "email": "dhruvil@yopmail.com", "phone": "6354023021", "date_joined": "2023-03-06T12:46:27.120Z", "last_login": "2023-03-07T06:57:48.025Z", "is_admin": false, "is_staff": false, "is_superadmin": false, "is_active": true}}, {"model": "accounts.account", "pk": 17, "fields": {"password": "pbkdf2_sha256$260000$VwafZQCglJD0ZW9BckZuSq$mAPlEo+K1MNpdbE3Nh31JCF7Vi+bghRWDfkW4gseang=", "first_name": "kishan", "last_name": "panchal", "username": "kishan", "email": "kishan@yopmail.com", "phone": "6354023033", "date_joined": "2023-03-09T09:21:06.841Z", "last_login": "2023-03-09T09:21:50.815Z", "is_admin": false, "is_staff": false, "is_superadmin": false, "is_active": true}}, {"model": "accounts.userprofile", "pk": 1, "fields": {"user": 5, "address_line_1": "2 10 5, abc society", "address_line_2": "Panchasara derasar", "profile_picture": "userprofile/logo.png", "city": "patan", "state": "Gujarat", "country": "India", "zip_code": "384265"}}, {"model": "accounts.userprofile", "pk": 2, "fields": {"user": 16, "address_line_1": "2 10 5, abc society", "address_line_2": "Panchasara derasar", "profile_picture": "userprofile/logo_X2yMLlN.png", "city": "PATAN", "state": "GUJARAT", "country": "India", "zip_code": "384265"}}, {"model": "accounts.userprofile", "pk": 3, "fields": {"user": 17, "address_line_1": "2 10 5, abc society", "address_line_2": "Panchasara derasar", "profile_picture": "userprofile/avatar2.jpg", "city": "PATAN", "state": "GUJARAT", "country": "India", "zip_code": "384265"}}, {"model": "store.product", "pk": 1, "fields": {"is_active": true, "created_at": "2023-02-14T08:50:08.137Z", "updated_at": "2023-02-14T08:50:08.137Z", "product_name": "ATX-Jeans", "slug": "atx-jeans", "description": "Lorem ipsum dolor sit amet, consectetur adipiscing elit. Pellentesque vel purus nunc. Etiam eu erat pharetra, lacinia odio at, facilisis metus. Interdum et malesuada fames ac ante ipsum primis in faucibus. Ut euismod pulvinar varius. Pellentesque non erat mi. Quisque non maximus justo. Proin cursus sapien sit amet nulla tristique elementum.", "price": 100, "images": "photos/products/ATX-Jeans.jpg", "stock": 95, "is_available": true, "category": 2}}, {"model": "store.product", "pk": 2, "fields": {"is_active": true, "created_at": "2023-02-14T08:50:59.191Z", "updated_at": "2023-02-14T08:50:59.191Z", "product_name": "Blue-Shirt", "slug": "blue-shirt", "description": "Lorem ipsum dolor sit amet, consectetur adipiscing elit. Pellentesque vel purus nunc. Etiam eu erat pharetra, lacinia odio at, facilisis metus. Interdum et malesuada fames ac ante ipsum primis in faucibus. Ut euismod pulvinar varius. Pellentesque non erat mi. Quisque non maximus justo. Proin cursus sapien sit amet nulla tristique elementum.", "price": 50, "images": "photos/products/Blue-Shirt.jpg", "stock": 200, "is_available": true, "category": 3}}, {"model": "store.product", "pk": 3, "fields": {"is_active": true, "created_at": "2023-02-14T08:58:42.382Z", "updated_at": "2023-02-14T08:58:42.382Z", "product_name": "Great-Tshirt", "slug": "great-tshirt", "description": "Lorem ipsum dolor sit amet, consectetur adipiscing elit. Pellentesque vel purus nunc. Etiam eu erat pharetra, lacinia odio at, facilisis metus. Interdum et malesuada fames ac ante ipsum primis in faucibus. Ut euismod pulvinar varius. Pellentesque non erat mi. Quisque non maximus justo. Proin cursus sapien sit amet nulla tristique elementum.", "price": 20, "images": "photos/products/Great-Tshirt.jpg", "stock": 200, "is_available": true, "category": 5}}, {"model": "store.product", "pk": 4, "fields": {"is_active": true, "created_at": "2023-02-14T08:59:43.376Z", "updated_at": "2023-02-14T08:59:43.376Z", "product_name": "jordan-true-flight-basketball-shoes", "slug": "jordan-true-flight-basketball-shoes", "description": "Lorem ipsum dolor sit amet, consectetur adipiscing elit. Pellentesque vel purus nunc. Etiam eu erat pharetra, lacinia odio at, facilisis metus. Interdum et malesuada fames ac ante ipsum primis in faucibus. Ut euismod pulvinar varius. Pellentesque non erat mi. Quisque non maximus justo. Proin cursus sapien sit amet nulla tristique elementum.", "price": 30, "images": "photos/products/jordan-true-flight-basketball-shoes.jpg", "stock": 150, "is_available": true, "category": 4}}, {"model": "store.product", "pk": 5, "fields": {"is_active": true, "created_at": "2023-02-14T09:01:40.664Z", "updated_at": "2023-02-14T09:01:40.664Z", "product_name": "Mavi_jeans", "slug": "mavi_jeans", "description": "Lorem ipsum dolor sit amet, consectetur adipiscing elit. Pellentesque vel purus nunc. Etiam eu erat pharetra, lacinia odio at, facilisis metus. Interdum et malesuada fames ac ante ipsum primis in faucibus. Ut euismod pulvinar varius. Pellentesque non erat mi. Quisque non maximus justo. Proin cursus sapien sit amet nulla tristique elementum.", "price": 350, "images": "photos/products/Mavi_jeans.jpg", "stock": 500, "is_available": true, "category": 2}}, {"model": "store.product", "pk": 6, "fields": {"is_active": true, "created_at": "2023-02-14T09:02:32.457Z", "updated_at": "2023-02-14T09:02:32.457Z", "product_name": "Puma-Ferrari-Shoes", "slug": "puma-ferrari-shoes", "description": "Lorem ipsum dolor sit amet, consectetur adipiscing elit. Pellentesque vel purus nunc. Etiam eu erat pharetra, lacinia odio at, facilisis metus. Interdum et malesuada fames ac ante ipsum primis in faucibus. Ut euismod pulvinar varius. Pellentesque non erat mi. Quisque non maximus justo. Proin cursus sapien sit amet nulla tristique elementum.", "price": 40, "images": "photos/products/Puma-Ferrari-Shoes.jpg", "stock": 150, "is_available": true, "category": 4}}, {"model": "store.product", "pk": 7, "fields": {"is_active": true, "created_at": "2023-02-14T09:03:52.820Z", "updated_at": "2023-02-14T09:03:52.820Z", "product_name": "US-Polo-Assn_Jacket", "slug": "us-polo-assn_jacket", "description": "Lorem ipsum dolor sit amet, consectetur adipiscing elit. Pellentesque vel purus nunc. Etiam eu erat pharetra, lacinia odio at, facilisis metus. Interdum et malesuada fames ac ante ipsum primis in faucibus. Ut euismod pulvinar varius. Pellentesque non erat mi. Quisque non maximus justo. Proin cursus sapien sit amet nulla tristique elementum.", "price": 250, "images": "photos/products/US-Polo-Assn_Jacket.jpg", "stock": 600, "is_available": true, "category": 1}}, {"model": "store.product", "pk": 8, "fields": {"is_active": true, "created_at": "2023-02-14T09:04:30.550Z", "updated_at": "2023-02-14T09:04:30.550Z", "product_name": "Wrangler-Shirt", "slug": "wrangler-shirt", "description": "Lorem ipsum dolor sit amet, consectetur adipiscing elit. Pellentesque vel purus nunc. Etiam eu erat pharetra, lacinia odio at, facilisis metus. Interdum et malesuada fames ac ante ipsum primis in faucibus. Ut euismod pulvinar varius. Pellentesque non erat mi. Quisque non maximus justo. Proin cursus sapien sit amet nulla tristique elementum.", "price": 50, "images": "photos/products/Wrangler-Shirt.jpg", "stock": 100, "is_available": true, "category": 3}}, {"model": "store.productvariation", "pk": 1, "fields": {"is_active": true, "created_at": "2023-02-14T12:10:46.905Z", "updated_at": "2023-02-14T12:10:46.905Z", "product": 1, "variation_category": "color", "variation_value": "Blue"}}, {"model": "store.productvariation", "pk": 2, "fields": {"is_active": true, "created_at": "2023-02-14T12:11:02.883Z", "updated_at": "2023-02-14T12:11:02.883Z", "product": 1, "variation_category": "color", "variation_value": "Black"}}, {"model": "store.productvariation", "pk": 3, "fields": {"is_active": true, "created_at": "2023-02-14T12:11:23.952Z", "updated_at": "2023-02-14T12:11:23.952Z", "product": 1, "variation_category": "size", "variation_value": "M"}}, {"model": "store.productvariation", "pk": 4, "fields": {"is_active": true, "created_at": "2023-02-14T12:11:35.679Z", "updated_at": "2023-02-14T12:11:35.679Z", "product": 1, "variation_category": "size", "variation_value": "X"}}, {"model": "store.productvariation", "pk": 5, "fields": {"is_active": true, "created_at": "2023-02-14T12:13:50.000Z", "updated_at": "2023-02-14T12:13:50.000Z", "product": 2, "variation_category": "color", "variation_value": "Blue"}}, {"model": "store.productvariation", "pk": 6, "fields": {"is_active": true, "created_at": "2023-02-14T12:14:09.474Z", "updated_at": "2023-02-14T12:14:09.474Z", "product": 3, "variation_category": "color", "variation_value": "Red"}}, {"model": "store.productvariation", "pk": 7, "fields": {"is_active": true, "created_at": "2023-02-14T12:14:20.399Z", "updated_at": "2023-02-14T12:14:20.399Z", "product": 3, "variation_category": "size", "variation_value": "M"}}, {"model": "store.productvariation", "pk": 8, "fields": {"is_active": true, "created_at": "2023-02-15T09:45:42.918Z", "updated_at": "2023-02-15T09:45:42.918Z", "product": 1, "variation_category": "color", "variation_value": "Navey Blue"}}, {"model": "store.productvariation", "pk": 9, "fields": {"is_active": true, "created_at": "2023-02-15T09:46:27.895Z", "updated_at": "2023-02-15T09:46:27.895Z", "product": 1, "variation_category": "size", "variation_value": "Large"}}, {"model": "store.productvariation", "pk": 10, "fields": {"is_active": true, "created_at": "2023-02-15T09:46:41.074Z", "updated_at": "2023-02-15T09:46:41.074Z", "product": 1, "variation_category": "color", "variation_value": "White"}}, {"model": "store.productvariation", "pk": 11, "fields": {"is_active": true, "created_at": "2023-02-15T09:46:52.559Z", "updated_at": "2023-02-15T09:46:52.559Z", "product": 1, "variation_category": "size", "variation_value": "Small"}}, {"model": "store.reviewrating", "pk": 1, "fields": {"is_active": false, "created_at": "2023-03-03T12:06:18.789Z", "updated_at": "2023-03-03T12:06:18.789Z", "product": 1, "user": 5, "subject": "test title 1", "review": "Lorem ipsum dolor sit amet, consectetur adipiscing elit. Pellentesque vel purus nunc. Etiam eu erat pharetra, lacinia odio at, facilisis metus.", "rating": 2.5, "ip": "127.0.0.1", "status": true}}, {"model": "store.productgallery", "pk": 1, "fields": {"product": 1, "image": "store/products/image1.jpg"}}, {"model": "store.productgallery", "pk": 2, "fields": {"product": 1, "image": "store/products/image2.jpg"}}, {"model": "store.productgallery", "pk": 3, "fields": {"product": 1, "image": "store/products/image13.jpg"}}, {"model": "cart.cart", "pk": 5, "fields": {"is_active": false, "created_at": "2023-02-24T12:01:30.543Z", "updated_at": "2023-02-24T12:01:30.543Z", "cart_id": "g7cag807225j7dwr4zj1vs4n2q6tw8dh", "date_added": "2023-02-24"}}, {"model": "cart.cart", "pk": 6, "fields": {"is_active": false, "created_at": "2023-02-24T12:02:00.592Z", "updated_at": "2023-02-24T12:02:00.592Z", "cart_id": "qdg4x7cmjykg75mgswieuia4zldyoo41", "date_added": "2023-02-24"}}, {"model": "cart.cart", "pk": 7, "fields": {"is_active": false, "created_at": "2023-02-24T12:24:56.877Z", "updated_at": "2023-02-24T12:24:56.877Z", "cart_id": "3a3zoqwm5vg28nvy5n5ttg8zqteqkt37", "date_added": "2023-02-24"}}, {"model": "cart.cart", "pk": 8, "fields": {"is_active": false, "created_at": "2023-02-28T10:48:00.824Z", "updated_at": "2023-02-28T10:48:00.824Z", "cart_id": "yy2bqfy3w5v392o9i3cll34lk8ief3el", "date_added": "2023-02-28"}}, {"model": "cart.cart", "pk": 9, "fields": {"is_active": false, "created_at": "2023-02-28T10:49:03.134Z", "updated_at": "2023-02-28T10:49:03.134Z", "cart_id": "3g2kfhrt84tbnh0mqxaqqttfxi6qrrsa", "date_added": "2023-02-28"}}, {"model": "cart.cart", "pk": 10, "fields": {"is_active": false, "created_at": "2023-02-28T12:05:38.552Z", "updated_at": "2023-02-28T12:05:38.552Z", "cart_id": "8kn2303oe6n0coa7q6u5f7vcnwmh00pk", "date_added": "2023-02-28"}}, {"model": "cart.cart", "pk": 11, "fields": {"is_active": false, "created_at": "2023-02-28T12:11:39.780Z", "updated_at": "2023-02-28T12:11:39.780Z", "cart_id": "p0y3bxygc10vhvhecvvbotgdhh2u3bc1", "date_added": "2023-02-28"}}, {"model": "order.payment", "pk": 1, "fields": {"is_active": false, "created_at": "2023-03-02T10:44:52.630Z", "updated_at": "2023-03-02T10:44:52.630Z", "user": 5, "payment_id": "", "payment_method": "cod", "amount_paid": "102.0", "status": "COMPLETED"}}, {"model": "order.payment", "pk": 2, "fields": {"is_active": false, "created_at": "2023-03-02T11:49:25.304Z", "updated_at": "2023-03-02T11:49:25.304Z", "user": 5, "payment_id": "", "payment_method": "cod", "amount_paid": "102.0", "status": "COMPLETED"}}, {"model": "order.payment", "pk": 3, "fields": {"is_active": false, "created_at": "2023-03-02T12:05:40.480Z", "updated_at": "2023-03-02T12:05:40.480Z", "user": 5, "payment_id": "", "payment_method": "cod", "amount_paid": "102.0", "status": "COMPLETED"}}, {"model": "order.payment", "pk": 4, "fields": {"is_active": false, "created_at": "2023-03-02T12:06:43.830Z", "updated_at": "2023-03-02T12:06:43.830Z", "user": 5, "payment_id": "", "payment_method": "cod", "amount_paid": "102.0", "status": "COMPLETED"}}, {"model": "order.payment", "pk": 5, "fields": {"is_active": false, "created_at": "2023-03-02T12:30:22.030Z", "updated_at": "2023-03-02T12:30:22.030Z", "user": 5, "payment_id": "", "payment_method": "cod", "amount_paid": "102.0", "status": "COMPLETED"}}, {"model": "order.payment", "pk": 6, "fields": {"is_active": false, "created_at": "2023-03-02T12:53:48.381Z", "updated_at": "2023-03-02T12:53:48.381Z", "user": 5, "payment_id": "", "payment_method": "cod", "amount_paid": "102.0", "status": "COMPLETED"}}, {"model": "order.payment", "pk": 7, "fields": {"is_active": false, "created_at": "2023-03-03T06:08:22.570Z", "updated_at": "2023-03-03T06:08:22.570Z", "user": 5, "payment_id": "", "payment_method": "cod", "amount_paid": "204.0", "status": "COMPLETED"}}, {"model": "order.payment", "pk": 8, "fields": {"is_active": false, "created_at": "2023-03-09T06:03:46.534Z", "updated_at": "2023-03-09T06:03:46.534Z", "user": 16, "payment_id": "", "payment_method": "cod", "amount_paid": "102.0", "status": "NOT COMPLETED"}}, {"model": "order.order", "pk": 10, "fields": {"is_active": true, "created_at": "2023-03-03T06:08:08.522Z", "updated_at": "2023-03-03T06:08:08.522Z", "user": 5, "payment": 7, "order_number": "2023030310", "first_name": "person1", "last_name": "person1", "phone": "6354023030", "email": "person1@yopmail.com", "address_line1": "2 10 5, gayatrinagar society,", "address_line2": "Near panchasara derasar", "city": "PATAN", "state": "GUJARAT", "country": "India", "zip_code": "384265", "order_note": null, "order_total": 204.0, "tax": 4.0, "status": "New", "ip": "127.0.0.1", "is_ordered": true}}, {"model": "order.order", "pk": 11, "fields": {"is_active": true, "created_at": "2023-03-09T06:03:36.545Z", "updated_at": "2023-03-09T06:03:36.545Z", "user": 16, "payment": 8, "order_number": "2023030911", "first_name": "Dhruvil", "last_name": "Panchal", "phone": "6354023021", "email": "dhruvil@yopmail.com", "address_line1": "2 10 5, gayatrinagar society,", "address_line2": "Near panchasara derasar", "city": "PATAN", "state": "GUJARAT", "country": "India", "zip_code": "384265", "order_note": null, "order_total": 102.0, "tax": 2.0, "status": "New", "ip": "127.0.0.1", "is_ordered": true}}, {"model": "order.orderline", "pk": 6, "fields": {"is_active": false, "created_at": "2023-03-03T06:08:22.759Z", "updated_at": "2023-03-03T06:08:22.759Z", "order": 10, "payment": 7, "user": 5, "product": 1, "quantity": 2, "product_price": 100.0, "ordered": true, "variation": [10, 11]}}, {"model": "order.orderline", "pk": 7, "fields": {"is_active": false, "created_at": "2023-03-09T06:03:46.732Z", "updated_at": "2023-03-09T06:03:46.732Z", "order": 11, "payment": 8, "user": 16, "product": 1, "quantity": 1, "product_price": 100.0, "ordered": true, "variation": [1, 3]}}, {"model": "admin.logentry", "pk": 1, "fields": {"action_time": "2023-02-14T08:39:34.562Z", "user": 1, "content_type": 1, "object_id": "1", "object_repr": "jackets", "action_flag": 1, "change_message": "[{\"added\": {}}]"}}, {"model": "admin.logentry", "pk": 2, "fields": {"action_time": "2023-02-14T08:41:00.537Z", "user": 1, "content_type": 1, "object_id": "2", "object_repr": "jeans", "action_flag": 1, "change_message": "[{\"added\": {}}]"}}, {"model": "admin.logentry", "pk": 3, "fields": {"action_time": "2023-02-14T08:41:50.369Z", "user": 1, "content_type": 1, "object_id": "3", "object_repr": "shirts", "action_flag": 1, "change_message": "[{\"added\": {}}]"}}, {"model": "admin.logentry", "pk": 4, "fields": {"action_time": "2023-02-14T08:42:16.034Z", "user": 1, "content_type": 1, "object_id": "4", "object_repr": "shoes", "action_flag": 1, "change_message": "[{\"added\": {}}]"}}, {"model": "admin.logentry", "pk": 5, "fields": {"action_time": "2023-02-14T08:42:43.408Z", "user": 1, "content_type": 1, "object_id": "5", "object_repr": "T Shirts", "action_flag": 1, "change_message": "[{\"added\": {}}]"}}, {"model": "admin.logentry", "pk": 6, "fields": {"action_time": "2023-02-14T08:50:08.138Z", "user": 1, "content_type": 3, "object_id": "1", "object_repr": "ATX-Jeans", "action_flag": 1, "change_message": "[{\"added\": {}}]"}}, {"model": "admin.logentry", "pk": 7, "fields": {"action_time": "2023-02-14T08:50:59.192Z", "user": 1, "content_type": 3, "object_id": "2", "object_repr": "Blue-Shirt", "action_flag": 1, "change_message": "[{\"added\": {}}]"}}, {"model": "admin.logentry", "pk": 8, "fields": {"action_time": "2023-02-14T08:58:42.383Z", "user": 1, "content_type": 3, "object_id": "3", "object_repr": "Great-Tshirt", "action_flag": 1, "change_message": "[{\"added\": {}}]"}}, {"model": "admin.logentry", "pk": 9, "fields": {"action_time": "2023-02-14T08:59:43.377Z", "user": 1, "content_type": 3, "object_id": "4", "object_repr": "jordan-true-flight-basketball-shoes", "action_flag": 1, "change_message": "[{\"added\": {}}]"}}, {"model": "admin.logentry", "pk": 10, "fields": {"action_time": "2023-02-14T09:01:40.666Z", "user": 1, "content_type": 3, "object_id": "5", "object_repr": "Mavi_jeans", "action_flag": 1, "change_message": "[{\"added\": {}}]"}}, {"model": "admin.logentry", "pk": 11, "fields": {"action_time": "2023-02-14T09:02:32.459Z", "user": 1, "content_type": 3, "object_id": "6", "object_repr": "Puma-Ferrari-Shoes", "action_flag": 1, "change_message": "[{\"added\": {}}]"}}, {"model": "admin.logentry", "pk": 12, "fields": {"action_time": "2023-02-14T09:03:52.822Z", "user": 1, "content_type": 3, "object_id": "7", "object_repr": "US-Polo-Assn_Jacket", "action_flag": 1, "change_message": "[{\"added\": {}}]"}}, {"model": "admin.logentry", "pk": 13, "fields": {"action_time": "2023-02-14T09:04:30.551Z", "user": 1, "content_type": 3, "object_id": "8", "object_repr": "Wrangler-Shirt", "action_flag": 1, "change_message": "[{\"added\": {}}]"}}, {"model": "admin.logentry", "pk": 14, "fields": {"action_time": "2023-02-14T12:10:46.906Z", "user": 1, "content_type": 11, "object_id": "1", "object_repr": "ATX-Jeans", "action_flag": 1, "change_message": "[{\"added\": {}}]"}}, {"model": "admin.logentry", "pk": 15, "fields": {"action_time": "2023-02-14T12:11:02.884Z", "user": 1, "content_type": 11, "object_id": "2", "object_repr": "ATX-Jeans", "action_flag": 1, "change_message": "[{\"added\": {}}]"}}, {"model": "admin.logentry", "pk": 16, "fields": {"action_time": "2023-02-14T12:11:23.953Z", "user": 1, "content_type": 11, "object_id": "3", "object_repr": "ATX-Jeans", "action_flag": 1, "change_message": "[{\"added\": {}}]"}}, {"model": "admin.logentry", "pk": 17, "fields": {"action_time": "2023-02-14T12:11:35.680Z", "user": 1, "content_type": 11, "object_id": "4", "object_repr": "ATX-Jeans", "action_flag": 1, "change_message": "[{\"added\": {}}]"}}, {"model": "admin.logentry", "pk": 18, "fields": {"action_time": "2023-02-14T12:12:23.492Z", "user": 1, "content_type": 11, "object_id": "2", "object_repr": "ATX-Jeans", "action_flag": 2, "change_message": "[{\"changed\": {\"fields\": [\"Is active\"]}}]"}}, {"model": "admin.logentry", "pk": 19, "fields": {"action_time": "2023-02-14T12:12:29.011Z", "user": 1, "content_type": 11, "object_id": "2", "object_repr": "ATX-Jeans", "action_flag": 2, "change_message": "[{\"changed\": {\"fields\": [\"Is active\"]}}]"}}, {"model": "admin.logentry", "pk": 20, "fields": {"action_time": "2023-02-14T12:13:50.000Z", "user": 1, "content_type": 11, "object_id": "5", "object_repr": "Blue-Shirt", "action_flag": 1, "change_message": "[{\"added\": {}}]"}}, {"model": "admin.logentry", "pk": 21, "fields": {"action_time": "2023-02-14T12:14:09.475Z", "user": 1, "content_type": 11, "object_id": "6", "object_repr": "Great-Tshirt", "action_flag": 1, "change_message": "[{\"added\": {}}]"}}, {"model": "admin.logentry", "pk": 22, "fields": {"action_time": "2023-02-14T12:14:20.400Z", "user": 1, "content_type": 11, "object_id": "7", "object_repr": "Great-Tshirt", "action_flag": 1, "change_message": "[{\"added\": {}}]"}}, {"model": "admin.logentry", "pk": 23, "fields": {"action_time": "2023-02-15T06:33:31.594Z", "user": 1, "content_type": 11, "object_id": "2", "object_repr": "ATX-Jeans", "action_flag": 2, "change_message": "[{\"changed\": {\"fields\": [\"Variation value\"]}}]"}}, {"model": "admin.logentry", "pk": 24, "fields": {"action_time": "2023-02-15T09:45:42.919Z", "user": 1, "content_type": 11, "object_id": "8", "object_repr": "ATX-Jeans:Navey Blue", "action_flag": 1, "change_message": "[{\"added\": {}}]"}}, {"model": "admin.logentry", "pk": 25, "fields": {"action_time": "2023-02-15T09:46:27.895Z", "user": 1, "content_type": 11, "object_id": "9", "object_repr": "ATX-Jeans:Large", "action_flag": 1, "change_message": "[{\"added\": {}}]"}}, {"model": "admin.logentry", "pk": 26, "fields": {"action_time": "2023-02-15T09:46:41.076Z", "user": 1, "content_type": 11, "object_id": "10", "object_repr": "ATX-Jeans:White", "action_flag": 1, "change_message": "[{\"added\": {}}]"}}, {"model": "admin.logentry", "pk": 27, "fields": {"action_time": "2023-02-15T09:46:52.559Z", "user": 1, "content_type": 11, "object_id": "11", "object_repr": "ATX-Jeans:Small", "action_flag": 1, "change_message": "[{\"added\": {}}]"}}, {"model": "admin.logentry", "pk": 28, "fields": {"action_time": "2023-02-15T09:47:03.097Z", "user": 1, "content_type": 11, "object_id": "10", "object_repr": "ATX-Jeans:White", "action_flag": 2, "change_message": "[{\"changed\": {\"fields\": [\"Is active\"]}}]"}}, {"model": "admin.logentry", "pk": 29, "fields": {"action_time": "2023-02-15T09:47:03.257Z", "user": 1, "content_type": 11, "object_id": "8", "object_repr": "ATX-Jeans:Navey Blue", "action_flag": 2, "change_message": "[{\"changed\": {\"fields\": [\"Is active\"]}}]"}}, {"model": "admin.logentry", "pk": 30, "fields": {"action_time": "2023-02-15T09:47:03.438Z", "user": 1, "content_type": 11, "object_id": "11", "object_repr": "ATX-Jeans:Small", "action_flag": 2, "change_message": "[{\"changed\": {\"fields\": [\"Is active\"]}}]"}}, {"model": "admin.logentry", "pk": 31, "fields": {"action_time": "2023-02-15T10:23:56.210Z", "user": 1, "content_type": 5, "object_id": "9", "object_repr": "ItemInCart object (9)", "action_flag": 2, "change_message": "[{\"changed\": {\"fields\": [\"Is active\"]}}]"}}, {"model": "admin.logentry", "pk": 32, "fields": {"action_time": "2023-02-20T12:15:29.997Z", "user": 1, "content_type": 2, "object_id": "2", "object_repr": "person1@yopmail.com", "action_flag": 3, "change_message": ""}}, {"model": "admin.logentry", "pk": 33, "fields": {"action_time": "2023-02-21T05:24:02.466Z", "user": 1, "content_type": 2, "object_id": "3", "object_repr": "person1@yopmail.com", "action_flag": 3, "change_message": ""}}, {"model": "admin.logentry", "pk": 34, "fields": {"action_time": "2023-02-21T05:40:06.102Z", "user": 1, "content_type": 2, "object_id": "4", "object_repr": "person1@yopmail.com", "action_flag": 3, "change_message": ""}}, {"model": "admin.logentry", "pk": 35, "fields": {"action_time": "2023-02-21T12:35:19.903Z", "user": 1, "content_type": 2, "object_id": "5", "object_repr": "person1@yopmail.com", "action_flag": 2, "change_message": "[{\"changed\": {\"fields\": [\"Is active\"]}}]"}}, {"model": "admin.logentry", "pk": 36, "fields": {"action_time": "2023-02-23T09:20:48.056Z", "user": 1, "content_type": 2, "object_id": "6", "object_repr": "person2@yopmail.com", "action_flag": 3, "change_message": ""}}, {"model": "admin.logentry", "pk": 37, "fields": {"action_time": "2023-02-23T09:23:40.241Z", "user": 1, "content_type": 2, "object_id": "7", "object_repr": "person2@yopmail.com", "action_flag": 3, "change_message": ""}}, {"model": "admin.logentry", "pk": 38, "fields": {"action_time": "2023-02-23T09:44:07.607Z", "user": 1, "content_type": 2, "object_id": "8", "object_repr": "person2@yopmail.com", "action_flag": 3, "change_message": ""}}, {"model": "admin.logentry", "pk": 39, "fields": {"action_time": "2023-02-23T09:51:40.344Z", "user": 1, "content_type": 2, "object_id": "9", "object_repr": "person2@yopmail.com", "action_flag": 3, "change_message": ""}}, {"model": "admin.logentry", "pk": 40, "fields": {"action_time": "2023-02-23T09:53:07.994Z", "user": 1, "content_type": 2, "object_id": "10", "object_repr": "person2@yopmail.com", "action_flag": 3, "change_message": ""}}, {"model": "admin.logentry", "pk": 41, "fields": {"action_time": "2023-02-23T10:05:25.290Z", "user": 1, "content_type": 2, "object_id": "11", "object_repr": "person2@yopmail.com", "action_flag": 3, "change_message": ""}}, {"model": "admin.logentry", "pk": 42, "fields": {"action_time": "2023-02-23T10:06:54.703Z", "user": 1, "content_type": 2, "object_id": "12", "object_repr": "person2@yopmail.com", "action_flag": 3, "change_message": ""}}, {"model": "admin.logentry", "pk": 43, "fields": {"action_time": "2023-02-23T10:28:01.285Z", "user": 1, "content_type": 2, "object_id": "13", "object_repr": "person2@yopmail.com", "action_flag": 3, "change_message": ""}}, {"model": "admin.logentry", "pk": 44, "fields": {"action_time": "2023-02-23T10:32:59.271Z", "user": 1, "content_type": 2, "object_id": "14", "object_repr": "person2@yopmail.com", "action_flag": 3, "change_message": ""}}, {"model": "admin.logentry", "pk": 45, "fields": {"action_time": "2023-02-24T11:43:25.317Z", "user": 1, "content_type": 5, "object_id": "12", "object_repr": "ItemInCart object (12)", "action_flag": 3, "change_message": ""}}, {"model": "admin.logentry", "pk": 46, "fields": {"action_time": "2023-02-24T11:44:45.687Z", "user": 1, "content_type": 5, "object_id": "13", "object_repr": "ItemInCart object (13)", "action_flag": 3, "change_message": ""}}, {"model": "admin.logentry", "pk": 47, "fields": {"action_time": "2023-02-24T12:00:43.690Z", "user": 1, "content_type": 5, "object_id": "14", "object_repr": "ItemInCart object (14)", "action_flag": 3, "change_message": ""}}, {"model": "admin.logentry", "pk": 48, "fields": {"action_time": "2023-02-24T12:00:51.349Z", "user": 1, "content_type": 4, "object_id": "4", "object_repr": "tx9xks828x4xkzf9te4wahqqzs6dnze9", "action_flag": 3, "change_message": ""}}, {"model": "admin.logentry", "pk": 49, "fields": {"action_time": "2023-02-24T12:00:51.420Z", "user": 1, "content_type": 4, "object_id": "3", "object_repr": "ds4tys6g0q7gqr3qe75v2l3adlxtztmu", "action_flag": 3, "change_message": ""}}, {"model": "admin.logentry", "pk": 50, "fields": {"action_time": "2023-02-24T12:00:51.500Z", "user": 1, "content_type": 4, "object_id": "2", "object_repr": "jb5w9r4hjk5qloqcpnecsloj7zdr13dp", "action_flag": 3, "change_message": ""}}, {"model": "admin.logentry", "pk": 51, "fields": {"action_time": "2023-02-24T12:00:51.590Z", "user": 1, "content_type": 4, "object_id": "1", "object_repr": "jqi8bmdy96zerg14p5fkpq9jfkqkty5h", "action_flag": 3, "change_message": ""}}, {"model": "admin.logentry", "pk": 52, "fields": {"action_time": "2023-02-24T12:23:34.327Z", "user": 1, "content_type": 5, "object_id": "16", "object_repr": "ItemInCart object (16)", "action_flag": 3, "change_message": ""}}, {"model": "admin.logentry", "pk": 53, "fields": {"action_time": "2023-02-24T12:23:34.428Z", "user": 1, "content_type": 5, "object_id": "15", "object_repr": "ItemInCart object (15)", "action_flag": 3, "change_message": ""}}, {"model": "admin.logentry", "pk": 54, "fields": {"action_time": "2023-02-28T10:47:23.734Z", "user": 1, "content_type": 5, "object_id": "18", "object_repr": "ItemInCart object (18)", "action_flag": 3, "change_message": ""}}, {"model": "admin.logentry", "pk": 55, "fields": {"action_time": "2023-02-28T10:47:23.802Z", "user": 1, "content_type": 5, "object_id": "17", "object_repr": "ItemInCart object (17)", "action_flag": 3, "change_message": ""}}, {"model": "admin.logentry", "pk": 56, "fields": {"action_time": "2023-03-01T10:19:52.981Z", "user": 1, "content_type": 14, "object_id": "1", "object_repr": "202303011", "action_flag": 3, "change_message": ""}}, {"model": "admin.logentry", "pk": 57, "fields": {"action_time": "2023-03-01T12:06:53.255Z", "user": 1, "content_type": 14, "object_id": "2", "object_repr": "202303012", "action_flag": 3, "change_message": ""}}, {"model": "admin.logentry", "pk": 58, "fields": {"action_time": "2023-03-02T06:42:27.612Z", "user": 1, "content_type": 14, "object_id": "3", "object_repr": "202303013", "action_flag": 3, "change_message": ""}}, {"model": "admin.logentry", "pk": 59, "fields": {"action_time": "2023-03-02T06:42:58.315Z", "user": 1, "content_type": 5, "object_id": "23", "object_repr": "ItemInCart object (23)", "action_flag": 3, "change_message": ""}}, {"model": "admin.logentry", "pk": 60, "fields": {"action_time": "2023-03-02T06:42:58.470Z", "user": 1, "content_type": 5, "object_id": "20", "object_repr": "ItemInCart object (20)", "action_flag": 3, "change_message": ""}}, {"model": "admin.logentry", "pk": 61, "fields": {"action_time": "2023-03-02T09:08:04.994Z", "user": 1, "content_type": 14, "object_id": "6", "object_repr": "202303026", "action_flag": 3, "change_message": ""}}, {"model": "admin.logentry", "pk": 62, "fields": {"action_time": "2023-03-02T09:08:05.083Z", "user": 1, "content_type": 14, "object_id": "5", "object_repr": "202303025", "action_flag": 3, "change_message": ""}}, {"model": "admin.logentry", "pk": 63, "fields": {"action_time": "2023-03-02T09:08:05.189Z", "user": 1, "content_type": 14, "object_id": "4", "object_repr": "202303024", "action_flag": 3, "change_message": ""}}, {"model": "admin.logentry", "pk": 64, "fields": {"action_time": "2023-03-02T09:08:20.091Z", "user": 1, "content_type": 14, "object_id": "7", "object_repr": "202303027", "action_flag": 3, "change_message": ""}}, {"model": "admin.logentry", "pk": 65, "fields": {"action_time": "2023-03-02T11:44:43.940Z", "user": 1, "content_type": 14, "object_id": "8", "object_repr": "202303028", "action_flag": 2, "change_message": "[{\"changed\": {\"fields\": [\"Is ordered\"]}}]"}}, {"model": "admin.logentry", "pk": 66, "fields": {"action_time": "2023-03-02T12:04:13.670Z", "user": 1, "content_type": 14, "object_id": "8", "object_repr": "202303028", "action_flag": 2, "change_message": "[{\"changed\": {\"fields\": [\"Is ordered\"]}}]"}}, {"model": "admin.logentry", "pk": 67, "fields": {"action_time": "2023-03-02T12:04:35.376Z", "user": 1, "content_type": 12, "object_id": "1", "object_repr": "202303028", "action_flag": 3, "change_message": ""}}, {"model": "admin.logentry", "pk": 68, "fields": {"action_time": "2023-03-02T12:06:24.429Z", "user": 1, "content_type": 12, "object_id": "2", "object_repr": "202303028", "action_flag": 3, "change_message": ""}}, {"model": "admin.logentry", "pk": 69, "fields": {"action_time": "2023-03-02T12:06:33.102Z", "user": 1, "content_type": 14, "object_id": "8", "object_repr": "202303028", "action_flag": 2, "change_message": "[{\"changed\": {\"fields\": [\"Is ordered\"]}}]"}}, {"model": "admin.logentry", "pk": 70, "fields": {"action_time": "2023-03-02T12:29:58.004Z", "user": 1, "content_type": 12, "object_id": "3", "object_repr": "202303028", "action_flag": 3, "change_message": ""}}, {"model": "admin.logentry", "pk": 71, "fields": {"action_time": "2023-03-02T12:30:08.266Z", "user": 1, "content_type": 14, "object_id": "8", "object_repr": "202303028", "action_flag": 2, "change_message": "[{\"changed\": {\"fields\": [\"Is ordered\"]}}]"}}, {"model": "admin.logentry", "pk": 72, "fields": {"action_time": "2023-03-02T12:50:28.258Z", "user": 1, "content_type": 14, "object_id": "8", "object_repr": "202303028", "action_flag": 3, "change_message": ""}}, {"model": "admin.logentry", "pk": 73, "fields": {"action_time": "2023-03-03T06:07:03.913Z", "user": 1, "content_type": 14, "object_id": "9", "object_repr": "202303029", "action_flag": 3, "change_message": ""}}, {"model": "admin.logentry", "pk": 74, "fields": {"action_time": "2023-03-06T10:32:08.813Z", "user": 1, "content_type": 16, "object_id": "1", "object_repr": "person1", "action_flag": 1, "change_message": "[{\"added\": {}}]"}}, {"model": "admin.logentry", "pk": 75, "fields": {"action_time": "2023-03-09T07:03:28.803Z", "user": 1, "content_type": 17, "object_id": "1", "object_repr": "ATX-Jeans", "action_flag": 1, "change_message": "[{\"added\": {}}]"}}, {"model": "admin.logentry", "pk": 76, "fields": {"action_time": "2023-03-09T07:03:36.641Z", "user": 1, "content_type": 17, "object_id": "2", "object_repr": "ATX-Jeans", "action_flag": 1, "change_message": "[{\"added\": {}}]"}}, {"model": "admin.logentry", "pk": 77, "fields": {"action_time": "2023-03-09T07:03:59.820Z", "user": 1, "content_type": 17, "object_id": "3", "object_repr": "ATX-Jeans", "action_flag": 1, "change_message": "[{\"added\": {}}]"}}, {"model": "auth.permission", "pk": 1, "fields": {"name": "Can add category", "content_type": 1, "codename": "add_category"}}, {"model": "auth.permission", "pk": 2, "fields": {"name": "Can change category", "content_type": 1, "codename": "change_category"}}, {"model": "auth.permission", "pk": 3, "fields": {"name": "Can delete category", "content_type": 1, "codename": "delete_category"}}, {"model": "auth.permission", "pk": 4, "fields": {"name": "Can view category", "content_type": 1, "codename": "view_category"}}, {"model": "auth.permission", "pk": 5, "fields": {"name": "Can add account", "content_type": 2, "codename": "add_account"}}, {"model": "auth.permission", "pk": 6, "fields": {"name": "Can change account", "content_type": 2, "codename": "change_account"}}, {"model": "auth.permission", "pk": 7, "fields": {"name": "Can delete account", "content_type": 2, "codename": "delete_account"}}, {"model": "auth.permission", "pk": 8, "fields": {"name": "Can view account", "content_type": 2, "codename": "view_account"}}, {"model": "auth.permission", "pk": 9, "fields": {"name": "Can add product", "content_type": 3, "codename": "add_product"}}, {"model": "auth.permission", "pk": 10, "fields": {"name": "Can change product", "content_type": 3, "codename": "change_product"}}, {"model": "auth.permission", "pk": 11, "fields": {"name": "Can delete product", "content_type": 3, "codename": "delete_product"}}, {"model": "auth.permission", "pk": 12, "fields": {"name": "Can view product", "content_type": 3, "codename": "view_product"}}, {"model": "auth.permission", "pk": 13, "fields": {"name": "Can add cart", "content_type": 4, "codename": "add_cart"}}, {"model": "auth.permission", "pk": 14, "fields": {"name": "Can change cart", "content_type": 4, "codename": "change_cart"}}, {"model": "auth.permission", "pk": 15, "fields": {"name": "Can delete cart", "content_type": 4, "codename": "delete_cart"}}, {"model": "auth.permission", "pk": 16, "fields": {"name": "Can view cart", "content_type": 4, "codename": "view_cart"}}, {"model": "auth.permission", "pk": 17, "fields": {"name": "Can add item_in_cart", "content_type": 5, "codename": "add_itemincart"}}, {"model": "auth.permission", "pk": 18, "fields": {"name": "Can change item_in_cart", "content_type": 5, "codename": "change_itemincart"}}, {"model": "auth.permission", "pk": 19, "fields": {"name": "Can delete item_in_cart", "content_type": 5, "codename": "delete_itemincart"}}, {"model": "auth.permission", "pk": 20, "fields": {"name": "Can view item_in_cart", "content_type": 5, "codename": "view_itemincart"}}, {"model": "auth.permission", "pk": 21, "fields": {"name": "Can add log entry", "content_type": 6, "codename": "add_logentry"}}, {"model": "auth.permission", "pk": 22, "fields": {"name": "Can change log entry", "content_type": 6, "codename": "change_logentry"}}, {"model": "auth.permission", "pk": 23, "fields": {"name": "Can delete log entry", "content_type": 6, "codename": "delete_logentry"}}, {"model": "auth.permission", "pk": 24, "fields": {"name": "Can view log entry", "content_type": 6, "codename": "view_logentry"}}, {"model": "auth.permission", "pk": 25, "fields": {"name": "Can add permission", "content_type": 7, "codename": "add_permission"}}, {"model": "auth.permission", "pk": 26, "fields": {"name": "Can change permission", "content_type": 7, "codename": "change_permission"}}, {"model": "auth.permission", "pk": 27, "fields": {"name": "Can delete permission", "content_type": 7, "codename": "delete_permission"}}, {"model": "auth.permission", "pk": 28, "fields": {"name": "Can view permission", "content_type": 7, "codename": "view_permission"}}, {"model": "auth.permission", "pk": 29, "fields": {"name": "Can add group", "content_type": 8, "codename": "add_group"}}, {"model": "auth.permission", "pk": 30, "fields": {"name": "Can change group", "content_type": 8, "codename": "change_group"}}, {"model": "auth.permission", "pk": 31, "fields": {"name": "Can delete group", "content_type": 8, "codename": "delete_group"}}, {"model": "auth.permission", "pk": 32, "fields": {"name": "Can view group", "content_type": 8, "codename": "view_group"}}, {"model": "auth.permission", "pk": 33, "fields": {"name": "Can add content type", "content_type": 9, "codename": "add_contenttype"}}, {"model": "auth.permission", "pk": 34, "fields": {"name": "Can change content type", "content_type": 9, "codename": "change_contenttype"}}, {"model": "auth.permission", "pk": 35, "fields": {"name": "Can delete content type", "content_type": 9, "codename": "delete_contenttype"}}, {"model": "auth.permission", "pk": 36, "fields": {"name": "Can view content type", "content_type": 9, "codename": "view_contenttype"}}, {"model": "auth.permission", "pk": 37, "fields": {"name": "Can add session", "content_type": 10, "codename": "add_session"}}, {"model": "auth.permission", "pk": 38, "fields": {"name": "Can change session", "content_type": 10, "codename": "change_session"}}, {"model": "auth.permission", "pk": 39, "fields": {"name": "Can delete session", "content_type": 10, "codename": "delete_session"}}, {"model": "auth.permission", "pk": 40, "fields": {"name": "Can view session", "content_type": 10, "codename": "view_session"}}, {"model": "auth.permission", "pk": 41, "fields": {"name": "Can add product__variation", "content_type": 11, "codename": "add_productvariation"}}, {"model": "auth.permission", "pk": 42, "fields": {"name": "Can change product__variation", "content_type": 11, "codename": "change_productvariation"}}, {"model": "auth.permission", "pk": 43, "fields": {"name": "Can delete product__variation", "content_type": 11, "codename": "delete_productvariation"}}, {"model": "auth.permission", "pk": 44, "fields": {"name": "Can view product__variation", "content_type": 11, "codename": "view_productvariation"}}, {"model": "auth.permission", "pk": 45, "fields": {"name": "Can add order_line", "content_type": 12, "codename": "add_orderline"}}, {"model": "auth.permission", "pk": 46, "fields": {"name": "Can change order_line", "content_type": 12, "codename": "change_orderline"}}, {"model": "auth.permission", "pk": 47, "fields": {"name": "Can delete order_line", "content_type": 12, "codename": "delete_orderline"}}, {"model": "auth.permission", "pk": 48, "fields": {"name": "Can view order_line", "content_type": 12, "codename": "view_orderline"}}, {"model": "auth.permission", "pk": 49, "fields": {"name": "Can add payment", "content_type": 13, "codename": "add_payment"}}, {"model": "auth.permission", "pk": 50, "fields": {"name": "Can change payment", "content_type": 13, "codename": "change_payment"}}, {"model": "auth.permission", "pk": 51, "fields": {"name": "Can delete payment", "content_type": 13, "codename": "delete_payment"}}, {"model": "auth.permission", "pk": 52, "fields": {"name": "Can view payment", "content_type": 13, "codename": "view_payment"}}, {"model": "auth.permission", "pk": 53, "fields": {"name": "Can add order", "content_type": 14, "codename": "add_order"}}, {"model": "auth.permission", "pk": 54, "fields": {"name": "Can change order", "content_type": 14, "codename": "change_order"}}, {"model": "auth.permission", "pk": 55, "fields": {"name": "Can delete order", "content_type": 14, "codename": "delete_order"}}, {"model": "auth.permission", "pk": 56, "fields": {"name": "Can view order", "content_type": 14, "codename": "view_order"}}, {"model": "auth.permission", "pk": 57, "fields": {"name": "Can add review_rating", "content_type": 15, "codename": "add_reviewrating"}}, {"model": "auth.permission", "pk": 58, "fields": {"name": "Can change review_rating", "content_type": 15, "codename": "change_reviewrating"}}, {"model": "auth.permission", "pk": 59, "fields": {"name": "Can delete review_rating", "content_type": 15, "codename": "delete_reviewrating"}}, {"model": "auth.permission", "pk": 60, "fields": {"name": "Can view review_rating", "content_type": 15, "codename": "view_reviewrating"}}, {"model": "auth.permission", "pk": 61, "fields": {"name": "Can add user_profile", "content_type": 16, "codename": "add_userprofile"}}, {"model": "auth.permission", "pk": 62, "fields": {"name": "Can change user_profile", "content_type": 16, "codename": "change_userprofile"}}, {"model": "auth.permission", "pk": 63, "fields": {"name": "Can delete user_profile", "content_type": 16, "codename": "delete_userprofile"}}, {"model": "auth.permission", "pk": 64, "fields": {"name": "Can view user_profile", "content_type": 16, "codename": "view_userprofile"}}, {"model": "auth.permission", "pk": 65, "fields": {"name": "Can add product_gallery", "content_type": 17, "codename": "add_productgallery"}}, {"model": "auth.permission", "pk": 66, "fields": {"name": "Can change product_gallery", "content_type": 17, "codename": "change_productgallery"}}, {"model": "auth.permission", "pk": 67, "fields": {"name": "Can delete product_gallery", "content_type": 17, "codename": "delete_productgallery"}}, {"model": "auth.permission", "pk": 68, "fields": {"name": "Can view product_gallery", "content_type": 17, "codename": "view_productgallery"}}, {"model": "auth.permission", "pk": 69, "fields": {"name": "Can add login attempt", "content_type": 18, "codename": "add_loginattempt"}}, {"model": "auth.permission", "pk": 70, "fields": {"name": "Can change login attempt", "content_type": 18, "codename": "change_loginattempt"}}, {"model": "auth.permission", "pk": 71, "fields": {"name": "Can delete login attempt", "content_type": 18, "codename": "delete_loginattempt"}}, {"model": "auth.permission", "pk": 72, "fields": {"name": "Can view login attempt", "content_type": 18, "codename": "view_loginattempt"}}, {"model": "contenttypes.contenttype", "pk": 1, "fields": {"app_label": "category", "model": "category"}}, {"model": "contenttypes.contenttype", "pk": 2, "fields": {"app_label": "accounts", "model": "account"}}, {"model": "contenttypes.contenttype", "pk": 3, "fields": {"app_label": "store", "model": "product"}}, {"model": "contenttypes.contenttype", "pk": 4, "fields": {"app_label": "cart", "model": "cart"}}, {"model": "contenttypes.contenttype", "pk": 5, "fields": {"app_label": "cart", "model": "itemincart"}}, {"model": "contenttypes.contenttype", "pk": 6, "fields": {"app_label": "admin", "model": "logentry"}}, {"model": "contenttypes.contenttype", "pk": 7, "fields": {"app_label": "auth", "model": "permission"}}, {"model": "contenttypes.contenttype", "pk": 8, "fields": {"app_label": "auth", "model": "group"}}, {"model": "contenttypes.contenttype", "pk": 9, "fields": {"app_label": "contenttypes", "model": "contenttype"}}, {"model": "contenttypes.contenttype", "pk": 10, "fields": {"app_label": "sessions", "model": "session"}}, {"model": "contenttypes.contenttype", "pk": 11, "fields": {"app_label": "store", "model": "productvariation"}}, {"model": "contenttypes.contenttype", "pk": 12, "fields": {"app_label": "order", "model": "orderline"}}, {"model": "contenttypes.contenttype", "pk": 13, "fields": {"app_label": "order", "model": "payment"}}, {"model": "contenttypes.contenttype", "pk": 14, "fields": {"app_label": "order", "model": "order"}}, {"model": "contenttypes.contenttype", "pk": 15, "fields": {"app_label": "store", "model": "reviewrating"}}, {"model": "contenttypes.contenttype", "pk": 16, "fields": {"app_label": "accounts", "model": "userprofile"}}, {"model": "contenttypes.contenttype", "pk": 17, "fields": {"app_label": "store", "model": "productgallery"}}, {"model": "contenttypes.contenttype", "pk": 18, "fields": {"app_label": "admin_honeypot", "model": "loginattempt"}}, {"model": "sessions.session", "pk": "4zdkjbh81ilm8cmsop1yerc4330zp9yi", "fields": {"session_data": ".eJxVjEEOgkAMRe8yazOZoYWCS_eegXTajqAGEgZWxrsrCQvd_vfef7met3Xot2JLP6o7u-hOv1tiedi0A73zdJu9zNO6jMnvij9o8ddZ7Xk53L-DgcvwrYNQxQCoAtxRxBASIreRKFLMbW66WoKpZUgoARIRNFCTVcqChsm9P8hJN5M:1pXccf:0GViAubIRuUdpJQcirEawzgdvO_0brIossIGqFXEduY", "expire_date": "2023-03-16T06:41:01.100Z"}}, {"model": "sessions.session", "pk": "6ltrnic18wnqicu1ldsrsdjo77hpigvb", "fields": {"session_data": ".eJxVjEEOgkAMRe8yazOZoYWCS_eegXTajqAGEgZWxrsrCQvd_vfef7met3Xot2JLP6o7u-hOv1tiedi0A73zdJu9zNO6jMnvij9o8ddZ7Xk53L-DgcvwrYNQxQCoAtxRxBASIreRKFLMbW66WoKpZUgoARIRNFCTVcqChsm9P8hJN5M:1pWx4P:O-b6Oqe77yhT2KfDfwB5EHPjseznfvw08_aEZyZs_6c", "expire_date": "2023-03-14T10:18:53.518Z"}}, {"model": "sessions.session", "pk": "8bkh1wkmcuoigj13q2r5nxhy12dmn8ez", "fields": {"session_data": ".eJxVjEEOgkAMRe8yazOZoYWCS_eegXTajqAGEgZWxrsrCQvd_vfef7met3Xot2JLP6o7u-hOv1tiedi0A73zdJu9zNO6jMnvij9o8ddZ7Xk53L-DgcvwrYNQxQCoAtxRxBASIreRKFLMbW66WoKpZUgoARIRNFCTVcqChsm9P8hJN5M:1pTzO3:fITqtPx5duGB6y2boV5HivtwclVmRjnrf6eSApmV_Ag", "expire_date": "2023-03-06T06:10:55.474Z"}}, {"model": "sessions.session", "pk": "9tsolkimyiuoiivsymw8cyxhvxn4rzwr", "fields": {"session_data": ".eJxVjEEOgkAMRe8yazOZoYWCS_eegXTajqAGEgZWxrsrCQvd_vfef7met3Xot2JLP6o7u-hOv1tiedi0A73zdJu9zNO6jMnvij9o8ddZ7Xk53L-DgcvwrYNQxQCoAtxRxBASIreRKFLMbW66WoKpZUgoARIRNFCTVcqChsm9P8hJN5M:1pXGec:-yV-J4J_ugG5N0LTsBhO2OMT8n6328C8QmUEliwpBCQ", "expire_date": "2023-03-15T07:13:34.722Z"}}, {"model": "sessions.session", "pk": "c6lqteo3bhtz5lp3urfh2kz8indtbfyl", "fields": {"session_data": ".eJxVjEEOgkAMRe8yazOZoYWCS_eegXTajqAGEgZWxrsrCQvd_vfef7met3Xot2JLP6o7u-hOv1tiedi0A73zdJu9zNO6jMnvij9o8ddZ7Xk53L-DgcvwrYNQxQCoAtxRxBASIreRKFLMbW66WoKpZUgoARIRNFCTVcqChsm9P8hJN5M:1pSWIE:qmZzyqWU9eUvWHnVCwLpzkH5YDfEmxL6sZxu7L3cfY0", "expire_date": "2023-03-02T04:54:50.542Z"}}, {"model": "sessions.session", "pk": "d42al1yozzbu0bbivr4qjae8d14kqx0c", "fields": {"session_data": ".eJxVjEEOgkAMRe8yazOZoYWCS_eegXTajqAGEgZWxrsrCQvd_vfef7met3Xot2JLP6o7u-hOv1tiedi0A73zdJu9zNO6jMnvij9o8ddZ7Xk53L-DgcvwrYNQxQCoAtxRxBASIreRKFLMbW66WoKpZUgoARIRNFCTVcqChsm9P8hJN5M:1pS9gm:MIswpRshHOB12TzRIUr4UgmA_quMlDcDTvB6PnGjy8I", "expire_date": "2023-03-01T04:46:40.343Z"}}, {"model": "sessions.session", "pk": "g334goloce410gkv8q009q02xw8xd3j5", "fields": {"session_data": ".eJxVjEEOgkAMRe8yazOZoYWCS_eegXTajqAGEgZWxrsrCQvd_vfef7met3Xot2JLP6o7u-hOv1tiedi0A73zdJu9zNO6jMnvij9o8ddZ7Xk53L-DgcvwrYNQxQCoAtxRxBASIreRKFLMbW66WoKpZUgoARIRNFCTVcqChsm9P8hJN5M:1pRq1v:g2_teUIymtM7yrhXS9c7Kzrz-0Y2-Qofd1cGR7Me394", "expire_date": "2023-02-28T07:47:11.157Z"}}, {"model": "sessions.session", "pk": "l4caeoolcw19uqr0ek5ctiubtw4xasj0", "fields": {"session_data": ".eJxVjEEOwiAQRe_C2hAo0w506d4zkAGmFrXUCK6Md9cmXej2v_ffS3h6ttk_Kz98TmIUWhx-t0DxymUD6ULlvMq4lvbIQW6K3GmVpzXx7bi7f4GZ6vx9q4gdGQMpGnKoQakAQFYjatSTnQbXR8WJJxMgKhMQzWB65C5RBIawRSvXmtfic8nNt7xwbbTcvRj1gNb0VjsnrbIKHLw_O8xF_Q:1paDdX:3vA39N2hFxj-UjJamaoEXokjtKHIQroSE2162qfYDSw", "expire_date": "2023-03-23T10:36:39.887Z"}}, {"model": "sessions.session", "pk": "mv4sw7jm4ke56c0acv2e8uy234nzbuiw", "fields": {"session_data": "eyJfc2Vzc2lvbl9pbml0X3RpbWVzdGFtcF8iOjE2OTE2NDM5MDIuNjI4MjU4Mn0:1qTxr4:8rbY-70b8vu9ORPm2xOBwAyf4DVxmgrxii7XPuXuVdE", "expire_date": "2023-08-24T05:05:02.747Z"}}, {"model": "sessions.session", "pk": "nxw0qmlbf9fzp0u0hvw74hh4p4e75bav", "fields": {"session_data": "e30:1pY2WT:l6MuHLTH3NPwowUvDtzQPfxccd0e6b0MiTLONayzwc0", "expire_date": "2023-03-17T10:20:21.900Z"}}, {"model": "sessions.session", "pk": "o1obt6ltl3obwsbildifobobnlyf0gkp", "fields": {"session_data": "eyJfc2Vzc2lvbl9pbml0X3RpbWVzdGFtcF8iOjE2NzgzNTc0NTEuMzc1MTU0NX0:1paDRT:VVPUtBreG5neczLU1htSm8ZiD2lcQXObGx22i50aVNQ", "expire_date": "2023-03-23T10:24:11.452Z"}}, {"model": "sessions.session", "pk": "of5nmkhtu8sj7u8pbb0k9mk40ah321uu", "fields": {"session_data": "e30:1pWyjq:rd7x6RsOM4mUXEkkQe7Fono1oc6CNZuAa-VZpHVFRGg", "expire_date": "2023-03-14T12:05:46.011Z"}}, {"model": "admin_honeypot.loginattempt", "pk": 1, "fields": {"username": "admin@gmail.com", "ip_address": "127.0.0.1", "session_key": "l4caeoolcw19uqr0ek5ctiubtw4xasj0", "user_agent": "Mozilla/5.0 (X11; Linux x86_64) AppleWebKit/537.36 (KHTML, like Gecko) Chrome/109.0.0.0 Safari/537.36", "timestamp": "2023-03-09T09:34:52.920Z", "path": "/admin/login/?next=/admin/"}}, {"model": "admin_honeypot.loginattempt", "pk": 2, "fields": {"username": "admin@gmail.com", "ip_address": "127.0.0.1", "session_key": "l4caeoolcw19uqr0ek5ctiubtw4xasj0", "user_agent": "Mozilla/5.0 (X11; Linux x86_64) AppleWebKit/537.36 (KHTML, like Gecko) Chrome/109.0.0.0 Safari/537.36", "timestamp": "2023-03-09T09:34:57.030Z", "path": "/admin/login/?next=/admin/"}}, {"model": "admin_honeypot.loginattempt", "pk": 3, "fields": {"username": "admin@gmail.com", "ip_address": "127.0.0.1", "session_key": "l4caeoolcw19uqr0ek5ctiubtw4xasj0", "user_agent": "Mozilla/5.0 (X11; Linux x86_64) AppleWebKit/537.36 (KHTML, like Gecko) Chrome/109.0.0.0 Safari/537.36", "timestamp": "2023-03-09T09:34:59.307Z", "path": "/admin/login/?next=/admin/"}}, {"model": "admin_honeypot.loginattempt", "pk": 4, "fields": {"username": "admin@gmail.com", "ip_address": "127.0.0.1", "session_key": "l4caeoolcw19uqr0ek5ctiubtw4xasj0", "user_agent": "Mozilla/5.0 (X11; Linux x86_64) AppleWebKit/537.36 (KHTML, like Gecko) Chrome/109.0.0.0 Safari/537.36", "timestamp": "2023-03-09T09:35:00.166Z", "path": "/admin/login/?next=/admin/"}}, {"model": "admin_honeypot.loginattempt", "pk": 5, "fields": {"username": "admin", "ip_address": "127.0.0.1", "session_key": "mv4sw7jm4ke56c0acv2e8uy234nzbuiw", "user_agent": "Mozilla/5.0 (X11; Linux x86_64) AppleWebKit/537.36 (KHTML, like Gecko) Chrome/114.0.0.0 Safari/537.36", "timestamp": "2023-08-10T05:03:30.040Z", "path": "/admin/login/?next=/admin/"}}, {"model": "admin_honeypot.loginattempt", "pk": 6, "fields": {"username": "admin@gmail.com", "ip_address": "127.0.0.1", "session_key": "mv4sw7jm4ke56c0acv2e8uy234nzbuiw", "user_agent": "Mozilla/5.0 (X11; Linux x86_64) AppleWebKit/537.36 (KHTML, like Gecko) Chrome/114.0.0.0 Safari/537.36", "timestamp": "2023-08-10T05:03:35.251Z", "path": "/admin/login/?next=/admin/"}}, {"model": "admin_honeypot.loginattempt", "pk": 7, "fields": {"username": "admin@gmail.com", "ip_address": "127.0.0.1", "session_key": "mv4sw7jm4ke56c0acv2e8uy234nzbuiw", "user_agent": "Mozilla/5.0 (X11; Linux x86_64) AppleWebKit/537.36 (KHTML, like Gecko) Chrome/114.0.0.0 Safari/537.36", "timestamp": "2023-08-10T05:04:28.160Z", "path": "/admin/login/?next=/admin/"}}, {"model": "admin_honeypot.loginattempt", "pk": 8, "fields": {"username": "admin@gmail.com", "ip_address": "127.0.0.1", "session_key": "mv4sw7jm4ke56c0acv2e8uy234nzbuiw", "user_agent": "Mozilla/5.0 (X11; Linux x86_64) AppleWebKit/537.36 (KHTML, like Gecko) Chrome/114.0.0.0 Safari/537.36", "timestamp": "2023-08-10T05:05:02.629Z", "path": "/admin/login/?next=/admin/"}}]