-- MySQL dump 10.13  Distrib 8.0.32, for Linux (x86_64)
--
-- Host: 127.0.0.1    Database: gratkart1
-- ------------------------------------------------------
-- Server version	8.0.33

/*!40101 SET @OLD_CHARACTER_SET_CLIENT=@@CHARACTER_SET_CLIENT */;
/*!40101 SET @OLD_CHARACTER_SET_RESULTS=@@CHARACTER_SET_RESULTS */;
/*!40101 SET @OLD_COLLATION_CONNECTION=@@COLLATION_CONNECTION */;
/*!50503 SET NAMES utf8 */;
/*!40103 SET @OLD_TIME_ZONE=@@TIME_ZONE */;
/*!40103 SET TIME_ZONE='+00:00' */;
/*!40014 SET @OLD_UNIQUE_CHECKS=@@UNIQUE_CHECKS, UNIQUE_CHECKS=0 */;
/*!40014 SET @OLD_FOREIGN_KEY_CHECKS=@@FOREIGN_KEY_CHECKS, FOREIGN_KEY_CHECKS=0 */;
/*!40101 SET @OLD_SQL_MODE=@@SQL_MODE, SQL_MODE='NO_AUTO_VALUE_ON_ZERO' */;
/*!40111 SET @OLD_SQL_NOTES=@@SQL_NOTES, SQL_NOTES=0 */;

--
-- Dumping data for table `admin_honeypot_loginattempt`
--

LOCK TABLES `admin_honeypot_loginattempt` WRITE;
/*!40000 ALTER TABLE `admin_honeypot_loginattempt` DISABLE KEYS */;
INSERT INTO `admin_honeypot_loginattempt` VALUES (1,'admin@gmail.com','127.0.0.1','l4caeoolcw19uqr0ek5ctiubtw4xasj0','Mozilla/5.0 (X11; Linux x86_64) AppleWebKit/537.36 (KHTML, like Gecko) Chrome/109.0.0.0 Safari/537.36','2023-03-09 09:34:52.920000','/admin/login/?next=/admin/'),(2,'admin@gmail.com','127.0.0.1','l4caeoolcw19uqr0ek5ctiubtw4xasj0','Mozilla/5.0 (X11; Linux x86_64) AppleWebKit/537.36 (KHTML, like Gecko) Chrome/109.0.0.0 Safari/537.36','2023-03-09 09:34:57.030000','/admin/login/?next=/admin/'),(3,'admin@gmail.com','127.0.0.1','l4caeoolcw19uqr0ek5ctiubtw4xasj0','Mozilla/5.0 (X11; Linux x86_64) AppleWebKit/537.36 (KHTML, like Gecko) Chrome/109.0.0.0 Safari/537.36','2023-03-09 09:34:59.307000','/admin/login/?next=/admin/'),(4,'admin@gmail.com','127.0.0.1','l4caeoolcw19uqr0ek5ctiubtw4xasj0','Mozilla/5.0 (X11; Linux x86_64) AppleWebKit/537.36 (KHTML, like Gecko) Chrome/109.0.0.0 Safari/537.36','2023-03-09 09:35:00.166000','/admin/login/?next=/admin/'),(5,'admin','127.0.0.1','mv4sw7jm4ke56c0acv2e8uy234nzbuiw','Mozilla/5.0 (X11; Linux x86_64) AppleWebKit/537.36 (KHTML, like Gecko) Chrome/114.0.0.0 Safari/537.36','2023-08-10 05:03:30.040000','/admin/login/?next=/admin/'),(6,'admin@gmail.com','127.0.0.1','mv4sw7jm4ke56c0acv2e8uy234nzbuiw','Mozilla/5.0 (X11; Linux x86_64) AppleWebKit/537.36 (KHTML, like Gecko) Chrome/114.0.0.0 Safari/537.36','2023-08-10 05:03:35.251000','/admin/login/?next=/admin/'),(7,'admin@gmail.com','127.0.0.1','mv4sw7jm4ke56c0acv2e8uy234nzbuiw','Mozilla/5.0 (X11; Linux x86_64) AppleWebKit/537.36 (KHTML, like Gecko) Chrome/114.0.0.0 Safari/537.36','2023-08-10 05:04:28.160000','/admin/login/?next=/admin/'),(8,'admin@gmail.com','127.0.0.1','mv4sw7jm4ke56c0acv2e8uy234nzbuiw','Mozilla/5.0 (X11; Linux x86_64) AppleWebKit/537.36 (KHTML, like Gecko) Chrome/114.0.0.0 Safari/537.36','2023-08-10 05:05:02.629000','/admin/login/?next=/admin/'),(9,'admin@gmail.com','127.0.0.1',NULL,'Mozilla/5.0 (X11; Linux x86_64) AppleWebKit/537.36 (KHTML, like Gecko) Chrome/117.0.0.0 Safari/537.36','2023-11-08 08:59:03.003232','/admin/login/?next=/admin/login/accounts/login/'),(10,'admin@gmail.com','127.0.0.1',NULL,'Mozilla/5.0 (X11; Linux x86_64) AppleWebKit/537.36 (KHTML, like Gecko) Chrome/117.0.0.0 Safari/537.36','2023-11-08 08:59:29.942301','/admin/login/?next=/admin/login/accounts/login/'),(11,'admin@gmail.com','127.0.0.1',NULL,'Mozilla/5.0 (X11; Linux x86_64) AppleWebKit/537.36 (KHTML, like Gecko) Chrome/117.0.0.0 Safari/537.36','2023-11-08 08:59:36.398588','/admin/login/?next=/admin/login/accounts/login/'),(12,'admin@gmail.com','127.0.0.1',NULL,'Mozilla/5.0 (X11; Linux x86_64) AppleWebKit/537.36 (KHTML, like Gecko) Chrome/117.0.0.0 Safari/537.36','2023-11-08 08:59:43.253446','/admin/login/?next=/admin/login/accounts/login/'),(13,'admin@gmail.com','127.0.0.1',NULL,'Mozilla/5.0 (X11; Linux x86_64) AppleWebKit/537.36 (KHTML, like Gecko) Chrome/117.0.0.0 Safari/537.36','2023-11-08 08:59:53.680289','/admin/login/?next=/admin/login/accounts/login/'),(14,'admin@gmail.com','127.0.0.1',NULL,'Mozilla/5.0 (X11; Linux x86_64) AppleWebKit/537.36 (KHTML, like Gecko) Chrome/117.0.0.0 Safari/537.36','2023-11-08 09:00:01.694389','/admin/login/?next=/admin/login/accounts/login/'),(15,'admin@gmail.com','127.0.0.1',NULL,'Mozilla/5.0 (X11; Linux x86_64) AppleWebKit/537.36 (KHTML, like Gecko) Chrome/117.0.0.0 Safari/537.36','2023-11-08 09:00:36.547885','/admin/login/?next=/admin/login/accounts/login/'),(16,'greatkart@yopmail.com','127.0.0.1','3392l078m7ttr2em68k5xarzu40vd56z','Mozilla/5.0 (X11; Linux x86_64) AppleWebKit/537.36 (KHTML, like Gecko) Chrome/117.0.0.0 Safari/537.36','2023-11-08 10:26:29.248487','/admin/login/?next=/admin/login/accounts/login/'),(17,'greatkart@yopmail.com','127.0.0.1','3392l078m7ttr2em68k5xarzu40vd56z','Mozilla/5.0 (X11; Linux x86_64) AppleWebKit/537.36 (KHTML, like Gecko) Chrome/117.0.0.0 Safari/537.36','2023-11-08 10:26:48.161360','/admin/login/?next=/admin/login/accounts/login/'),(18,'greatkart@yopmail.com','127.0.0.1','3392l078m7ttr2em68k5xarzu40vd56z','Mozilla/5.0 (X11; Linux x86_64) AppleWebKit/537.36 (KHTML, like Gecko) Chrome/117.0.0.0 Safari/537.36','2023-11-08 10:26:55.514057','/admin/login/?next=/admin/login/accounts/login/'),(19,'greatkart@yopmail.com','127.0.0.1','3392l078m7ttr2em68k5xarzu40vd56z','Mozilla/5.0 (X11; Linux x86_64) AppleWebKit/537.36 (KHTML, like Gecko) Chrome/117.0.0.0 Safari/537.36','2023-11-08 10:42:36.533173','/admin/login/?next=/admin/login/accounts/login/');
/*!40000 ALTER TABLE `admin_honeypot_loginattempt` ENABLE KEYS */;
UNLOCK TABLES;

--
-- Dumping data for table `auth_group`
--

LOCK TABLES `auth_group` WRITE;
/*!40000 ALTER TABLE `auth_group` DISABLE KEYS */;
/*!40000 ALTER TABLE `auth_group` ENABLE KEYS */;
UNLOCK TABLES;

--
-- Dumping data for table `auth_group_permissions`
--

LOCK TABLES `auth_group_permissions` WRITE;
/*!40000 ALTER TABLE `auth_group_permissions` DISABLE KEYS */;
/*!40000 ALTER TABLE `auth_group_permissions` ENABLE KEYS */;
UNLOCK TABLES;

--
-- Dumping data for table `auth_permission`
--

LOCK TABLES `auth_permission` WRITE;
/*!40000 ALTER TABLE `auth_permission` DISABLE KEYS */;
INSERT INTO `auth_permission` VALUES (1,'Can add category',1,'add_category'),(2,'Can change category',1,'change_category'),(3,'Can delete category',1,'delete_category'),(4,'Can view category',1,'view_category'),(5,'Can add account',2,'add_account'),(6,'Can change account',2,'change_account'),(7,'Can delete account',2,'delete_account'),(8,'Can view account',2,'view_account'),(9,'Can add product',3,'add_product'),(10,'Can change product',3,'change_product'),(11,'Can delete product',3,'delete_product'),(12,'Can view product',3,'view_product'),(13,'Can add cart',4,'add_cart'),(14,'Can change cart',4,'change_cart'),(15,'Can delete cart',4,'delete_cart'),(16,'Can view cart',4,'view_cart'),(17,'Can add item_in_cart',5,'add_itemincart'),(18,'Can change item_in_cart',5,'change_itemincart'),(19,'Can delete item_in_cart',5,'delete_itemincart'),(20,'Can view item_in_cart',5,'view_itemincart'),(21,'Can add log entry',6,'add_logentry'),(22,'Can change log entry',6,'change_logentry'),(23,'Can delete log entry',6,'delete_logentry'),(24,'Can view log entry',6,'view_logentry'),(25,'Can add permission',7,'add_permission'),(26,'Can change permission',7,'change_permission'),(27,'Can delete permission',7,'delete_permission'),(28,'Can view permission',7,'view_permission'),(29,'Can add group',8,'add_group'),(30,'Can change group',8,'change_group'),(31,'Can delete group',8,'delete_group'),(32,'Can view group',8,'view_group'),(33,'Can add content type',9,'add_contenttype'),(34,'Can change content type',9,'change_contenttype'),(35,'Can delete content type',9,'delete_contenttype'),(36,'Can view content type',9,'view_contenttype'),(37,'Can add session',10,'add_session'),(38,'Can change session',10,'change_session'),(39,'Can delete session',10,'delete_session'),(40,'Can view session',10,'view_session'),(41,'Can add product__variation',11,'add_productvariation'),(42,'Can change product__variation',11,'change_productvariation'),(43,'Can delete product__variation',11,'delete_productvariation'),(44,'Can view product__variation',11,'view_productvariation'),(45,'Can add order_line',12,'add_orderline'),(46,'Can change order_line',12,'change_orderline'),(47,'Can delete order_line',12,'delete_orderline'),(48,'Can view order_line',12,'view_orderline'),(49,'Can add payment',13,'add_payment'),(50,'Can change payment',13,'change_payment'),(51,'Can delete payment',13,'delete_payment'),(52,'Can view payment',13,'view_payment'),(53,'Can add order',14,'add_order'),(54,'Can change order',14,'change_order'),(55,'Can delete order',14,'delete_order'),(56,'Can view order',14,'view_order'),(57,'Can add review_rating',15,'add_reviewrating'),(58,'Can change review_rating',15,'change_reviewrating'),(59,'Can delete review_rating',15,'delete_reviewrating'),(60,'Can view review_rating',15,'view_reviewrating'),(61,'Can add user_profile',16,'add_userprofile'),(62,'Can change user_profile',16,'change_userprofile'),(63,'Can delete user_profile',16,'delete_userprofile'),(64,'Can view user_profile',16,'view_userprofile'),(65,'Can add product_gallery',17,'add_productgallery'),(66,'Can change product_gallery',17,'change_productgallery'),(67,'Can delete product_gallery',17,'delete_productgallery'),(68,'Can view product_gallery',17,'view_productgallery'),(69,'Can add login attempt',18,'add_loginattempt'),(70,'Can change login attempt',18,'change_loginattempt'),(71,'Can delete login attempt',18,'delete_loginattempt'),(72,'Can view login attempt',18,'view_loginattempt');
/*!40000 ALTER TABLE `auth_permission` ENABLE KEYS */;
UNLOCK TABLES;

--
-- Dumping data for table `django_admin_log`
--

LOCK TABLES `django_admin_log` WRITE;
/*!40000 ALTER TABLE `django_admin_log` DISABLE KEYS */;
INSERT INTO `django_admin_log` VALUES (1,'2023-02-14 08:39:34.562000','1','jackets',1,'[{\"added\": {}}]',1,1),(2,'2023-02-14 08:41:00.537000','2','jeans',1,'[{\"added\": {}}]',1,1),(3,'2023-02-14 08:41:50.369000','3','shirts',1,'[{\"added\": {}}]',1,1),(4,'2023-02-14 08:42:16.034000','4','shoes',1,'[{\"added\": {}}]',1,1),(5,'2023-02-14 08:42:43.408000','5','T Shirts',1,'[{\"added\": {}}]',1,1),(6,'2023-02-14 08:50:08.138000','1','ATX-Jeans',1,'[{\"added\": {}}]',3,1),(7,'2023-02-14 08:50:59.192000','2','Blue-Shirt',1,'[{\"added\": {}}]',3,1),(8,'2023-02-14 08:58:42.383000','3','Great-Tshirt',1,'[{\"added\": {}}]',3,1),(9,'2023-02-14 08:59:43.377000','4','jordan-true-flight-basketball-shoes',1,'[{\"added\": {}}]',3,1),(10,'2023-02-14 09:01:40.666000','5','Mavi_jeans',1,'[{\"added\": {}}]',3,1),(11,'2023-02-14 09:02:32.459000','6','Puma-Ferrari-Shoes',1,'[{\"added\": {}}]',3,1),(12,'2023-02-14 09:03:52.822000','7','US-Polo-Assn_Jacket',1,'[{\"added\": {}}]',3,1),(13,'2023-02-14 09:04:30.551000','8','Wrangler-Shirt',1,'[{\"added\": {}}]',3,1),(14,'2023-02-14 12:10:46.906000','1','ATX-Jeans',1,'[{\"added\": {}}]',11,1),(15,'2023-02-14 12:11:02.884000','2','ATX-Jeans',1,'[{\"added\": {}}]',11,1),(16,'2023-02-14 12:11:23.953000','3','ATX-Jeans',1,'[{\"added\": {}}]',11,1),(17,'2023-02-14 12:11:35.680000','4','ATX-Jeans',1,'[{\"added\": {}}]',11,1),(18,'2023-02-14 12:12:23.492000','2','ATX-Jeans',2,'[{\"changed\": {\"fields\": [\"Is active\"]}}]',11,1),(19,'2023-02-14 12:12:29.011000','2','ATX-Jeans',2,'[{\"changed\": {\"fields\": [\"Is active\"]}}]',11,1),(20,'2023-02-14 12:13:50.000000','5','Blue-Shirt',1,'[{\"added\": {}}]',11,1),(21,'2023-02-14 12:14:09.475000','6','Great-Tshirt',1,'[{\"added\": {}}]',11,1),(22,'2023-02-14 12:14:20.400000','7','Great-Tshirt',1,'[{\"added\": {}}]',11,1),(23,'2023-02-15 06:33:31.594000','2','ATX-Jeans',2,'[{\"changed\": {\"fields\": [\"Variation value\"]}}]',11,1),(24,'2023-02-15 09:45:42.919000','8','ATX-Jeans:Navey Blue',1,'[{\"added\": {}}]',11,1),(25,'2023-02-15 09:46:27.895000','9','ATX-Jeans:Large',1,'[{\"added\": {}}]',11,1),(26,'2023-02-15 09:46:41.076000','10','ATX-Jeans:White',1,'[{\"added\": {}}]',11,1),(27,'2023-02-15 09:46:52.559000','11','ATX-Jeans:Small',1,'[{\"added\": {}}]',11,1),(28,'2023-02-15 09:47:03.097000','10','ATX-Jeans:White',2,'[{\"changed\": {\"fields\": [\"Is active\"]}}]',11,1),(29,'2023-02-15 09:47:03.257000','8','ATX-Jeans:Navey Blue',2,'[{\"changed\": {\"fields\": [\"Is active\"]}}]',11,1),(30,'2023-02-15 09:47:03.438000','11','ATX-Jeans:Small',2,'[{\"changed\": {\"fields\": [\"Is active\"]}}]',11,1),(31,'2023-02-15 10:23:56.210000','9','ItemInCart object (9)',2,'[{\"changed\": {\"fields\": [\"Is active\"]}}]',5,1),(32,'2023-02-20 12:15:29.997000','2','person1@yopmail.com',3,'',2,1),(33,'2023-02-21 05:24:02.466000','3','person1@yopmail.com',3,'',2,1),(34,'2023-02-21 05:40:06.102000','4','person1@yopmail.com',3,'',2,1),(35,'2023-02-21 12:35:19.903000','5','person1@yopmail.com',2,'[{\"changed\": {\"fields\": [\"Is active\"]}}]',2,1),(36,'2023-02-23 09:20:48.056000','6','person2@yopmail.com',3,'',2,1),(37,'2023-02-23 09:23:40.241000','7','person2@yopmail.com',3,'',2,1),(38,'2023-02-23 09:44:07.607000','8','person2@yopmail.com',3,'',2,1),(39,'2023-02-23 09:51:40.344000','9','person2@yopmail.com',3,'',2,1),(40,'2023-02-23 09:53:07.994000','10','person2@yopmail.com',3,'',2,1),(41,'2023-02-23 10:05:25.290000','11','person2@yopmail.com',3,'',2,1),(42,'2023-02-23 10:06:54.703000','12','person2@yopmail.com',3,'',2,1),(43,'2023-02-23 10:28:01.285000','13','person2@yopmail.com',3,'',2,1),(44,'2023-02-23 10:32:59.271000','14','person2@yopmail.com',3,'',2,1),(45,'2023-02-24 11:43:25.317000','12','ItemInCart object (12)',3,'',5,1),(46,'2023-02-24 11:44:45.687000','13','ItemInCart object (13)',3,'',5,1),(47,'2023-02-24 12:00:43.690000','14','ItemInCart object (14)',3,'',5,1),(48,'2023-02-24 12:00:51.349000','4','tx9xks828x4xkzf9te4wahqqzs6dnze9',3,'',4,1),(49,'2023-02-24 12:00:51.420000','3','ds4tys6g0q7gqr3qe75v2l3adlxtztmu',3,'',4,1),(50,'2023-02-24 12:00:51.500000','2','jb5w9r4hjk5qloqcpnecsloj7zdr13dp',3,'',4,1),(51,'2023-02-24 12:00:51.590000','1','jqi8bmdy96zerg14p5fkpq9jfkqkty5h',3,'',4,1),(52,'2023-02-24 12:23:34.327000','16','ItemInCart object (16)',3,'',5,1),(53,'2023-02-24 12:23:34.428000','15','ItemInCart object (15)',3,'',5,1),(54,'2023-02-28 10:47:23.734000','18','ItemInCart object (18)',3,'',5,1),(55,'2023-02-28 10:47:23.802000','17','ItemInCart object (17)',3,'',5,1),(56,'2023-03-01 10:19:52.981000','1','202303011',3,'',14,1),(57,'2023-03-01 12:06:53.255000','2','202303012',3,'',14,1),(58,'2023-03-02 06:42:27.612000','3','202303013',3,'',14,1),(59,'2023-03-02 06:42:58.315000','23','ItemInCart object (23)',3,'',5,1),(60,'2023-03-02 06:42:58.470000','20','ItemInCart object (20)',3,'',5,1),(61,'2023-03-02 09:08:04.994000','6','202303026',3,'',14,1),(62,'2023-03-02 09:08:05.083000','5','202303025',3,'',14,1),(63,'2023-03-02 09:08:05.189000','4','202303024',3,'',14,1),(64,'2023-03-02 09:08:20.091000','7','202303027',3,'',14,1),(65,'2023-03-02 11:44:43.940000','8','202303028',2,'[{\"changed\": {\"fields\": [\"Is ordered\"]}}]',14,1),(66,'2023-03-02 12:04:13.670000','8','202303028',2,'[{\"changed\": {\"fields\": [\"Is ordered\"]}}]',14,1),(67,'2023-03-02 12:04:35.376000','1','202303028',3,'',12,1),(68,'2023-03-02 12:06:24.429000','2','202303028',3,'',12,1),(69,'2023-03-02 12:06:33.102000','8','202303028',2,'[{\"changed\": {\"fields\": [\"Is ordered\"]}}]',14,1),(70,'2023-03-02 12:29:58.004000','3','202303028',3,'',12,1),(71,'2023-03-02 12:30:08.266000','8','202303028',2,'[{\"changed\": {\"fields\": [\"Is ordered\"]}}]',14,1),(72,'2023-03-02 12:50:28.258000','8','202303028',3,'',14,1),(73,'2023-03-03 06:07:03.913000','9','202303029',3,'',14,1),(74,'2023-03-06 10:32:08.813000','1','person1',1,'[{\"added\": {}}]',16,1),(75,'2023-03-09 07:03:28.803000','1','ATX-Jeans',1,'[{\"added\": {}}]',17,1),(76,'2023-03-09 07:03:36.641000','2','ATX-Jeans',1,'[{\"added\": {}}]',17,1),(77,'2023-03-09 07:03:59.820000','3','ATX-Jeans',1,'[{\"added\": {}}]',17,1);
/*!40000 ALTER TABLE `django_admin_log` ENABLE KEYS */;
UNLOCK TABLES;

--
-- Dumping data for table `django_content_type`
--

LOCK TABLES `django_content_type` WRITE;
/*!40000 ALTER TABLE `django_content_type` DISABLE KEYS */;
INSERT INTO `django_content_type` VALUES (2,'accounts','account'),(16,'accounts','userprofile'),(6,'admin','logentry'),(18,'admin_honeypot','loginattempt'),(8,'auth','group'),(7,'auth','permission'),(4,'cart','cart'),(5,'cart','itemincart'),(1,'category','category'),(9,'contenttypes','contenttype'),(14,'order','order'),(12,'order','orderline'),(13,'order','payment'),(10,'sessions','session'),(3,'store','product'),(17,'store','productgallery'),(11,'store','productvariation'),(15,'store','reviewrating');
/*!40000 ALTER TABLE `django_content_type` ENABLE KEYS */;
UNLOCK TABLES;

--
-- Dumping data for table `django_migrations`
--

LOCK TABLES `django_migrations` WRITE;
/*!40000 ALTER TABLE `django_migrations` DISABLE KEYS */;
/*!40000 ALTER TABLE `django_migrations` ENABLE KEYS */;
UNLOCK TABLES;

--
-- Dumping data for table `django_session`
--

LOCK TABLES `django_session` WRITE;
/*!40000 ALTER TABLE `django_session` DISABLE KEYS */;
INSERT INTO `django_session` VALUES ('3392l078m7ttr2em68k5xarzu40vd56z','eyJfc2Vzc2lvbl9pbml0X3RpbWVzdGFtcF8iOjE2OTk0NDAxNTYuNTMyMzQ0Nn0:1r0g16:fGbE1rRTNwLko0HGQqDb7HwoC7BePaRkQoODF6cD1HA','2023-11-22 10:42:36.650828'),('4zdkjbh81ilm8cmsop1yerc4330zp9yi','.eJxVjEEOgkAMRe8yazOZoYWCS_eegXTajqAGEgZWxrsrCQvd_vfef7met3Xot2JLP6o7u-hOv1tiedi0A73zdJu9zNO6jMnvij9o8ddZ7Xk53L-DgcvwrYNQxQCoAtxRxBASIreRKFLMbW66WoKpZUgoARIRNFCTVcqChsm9P8hJN5M:1pXccf:0GViAubIRuUdpJQcirEawzgdvO_0brIossIGqFXEduY','2023-03-16 06:41:01.100000'),('6ltrnic18wnqicu1ldsrsdjo77hpigvb','.eJxVjEEOgkAMRe8yazOZoYWCS_eegXTajqAGEgZWxrsrCQvd_vfef7met3Xot2JLP6o7u-hOv1tiedi0A73zdJu9zNO6jMnvij9o8ddZ7Xk53L-DgcvwrYNQxQCoAtxRxBASIreRKFLMbW66WoKpZUgoARIRNFCTVcqChsm9P8hJN5M:1pWx4P:O-b6Oqe77yhT2KfDfwB5EHPjseznfvw08_aEZyZs_6c','2023-03-14 10:18:53.518000'),('7efpoi28k61iv4i7qhulhpf3y7zr6x1k','eyJfc2Vzc2lvbl9pbml0X3RpbWVzdGFtcF8iOjE2OTcxODQ2NTAuNTA2Mzk3N30:1qrDFy:TI0hu11f1p-737s40RxrWXZGijzRub7t2aHg_rdUb08','2023-10-27 08:10:50.507000'),('8bkh1wkmcuoigj13q2r5nxhy12dmn8ez','.eJxVjEEOgkAMRe8yazOZoYWCS_eegXTajqAGEgZWxrsrCQvd_vfef7met3Xot2JLP6o7u-hOv1tiedi0A73zdJu9zNO6jMnvij9o8ddZ7Xk53L-DgcvwrYNQxQCoAtxRxBASIreRKFLMbW66WoKpZUgoARIRNFCTVcqChsm9P8hJN5M:1pTzO3:fITqtPx5duGB6y2boV5HivtwclVmRjnrf6eSApmV_Ag','2023-03-06 06:10:55.474000'),('9tsolkimyiuoiivsymw8cyxhvxn4rzwr','.eJxVjEEOgkAMRe8yazOZoYWCS_eegXTajqAGEgZWxrsrCQvd_vfef7met3Xot2JLP6o7u-hOv1tiedi0A73zdJu9zNO6jMnvij9o8ddZ7Xk53L-DgcvwrYNQxQCoAtxRxBASIreRKFLMbW66WoKpZUgoARIRNFCTVcqChsm9P8hJN5M:1pXGec:-yV-J4J_ugG5N0LTsBhO2OMT8n6328C8QmUEliwpBCQ','2023-03-15 07:13:34.722000'),('c6lqteo3bhtz5lp3urfh2kz8indtbfyl','.eJxVjEEOgkAMRe8yazOZoYWCS_eegXTajqAGEgZWxrsrCQvd_vfef7met3Xot2JLP6o7u-hOv1tiedi0A73zdJu9zNO6jMnvij9o8ddZ7Xk53L-DgcvwrYNQxQCoAtxRxBASIreRKFLMbW66WoKpZUgoARIRNFCTVcqChsm9P8hJN5M:1pSWIE:qmZzyqWU9eUvWHnVCwLpzkH5YDfEmxL6sZxu7L3cfY0','2023-03-02 04:54:50.542000'),('d42al1yozzbu0bbivr4qjae8d14kqx0c','.eJxVjEEOgkAMRe8yazOZoYWCS_eegXTajqAGEgZWxrsrCQvd_vfef7met3Xot2JLP6o7u-hOv1tiedi0A73zdJu9zNO6jMnvij9o8ddZ7Xk53L-DgcvwrYNQxQCoAtxRxBASIreRKFLMbW66WoKpZUgoARIRNFCTVcqChsm9P8hJN5M:1pS9gm:MIswpRshHOB12TzRIUr4UgmA_quMlDcDTvB6PnGjy8I','2023-03-01 04:46:40.343000'),('g334goloce410gkv8q009q02xw8xd3j5','.eJxVjEEOgkAMRe8yazOZoYWCS_eegXTajqAGEgZWxrsrCQvd_vfef7met3Xot2JLP6o7u-hOv1tiedi0A73zdJu9zNO6jMnvij9o8ddZ7Xk53L-DgcvwrYNQxQCoAtxRxBASIreRKFLMbW66WoKpZUgoARIRNFCTVcqChsm9P8hJN5M:1pRq1v:g2_teUIymtM7yrhXS9c7Kzrz-0Y2-Qofd1cGR7Me394','2023-02-28 07:47:11.157000'),('l4caeoolcw19uqr0ek5ctiubtw4xasj0','.eJxVjEEOwiAQRe_C2hAo0w506d4zkAGmFrXUCK6Md9cmXej2v_ffS3h6ttk_Kz98TmIUWhx-t0DxymUD6ULlvMq4lvbIQW6K3GmVpzXx7bi7f4GZ6vx9q4gdGQMpGnKoQakAQFYjatSTnQbXR8WJJxMgKhMQzWB65C5RBIawRSvXmtfic8nNt7xwbbTcvRj1gNb0VjsnrbIKHLw_O8xF_Q:1paDdX:3vA39N2hFxj-UjJamaoEXokjtKHIQroSE2162qfYDSw','2023-03-23 10:36:39.887000'),('mv4sw7jm4ke56c0acv2e8uy234nzbuiw','eyJfc2Vzc2lvbl9pbml0X3RpbWVzdGFtcF8iOjE2OTE2NDM5MDIuNjI4MjU4Mn0:1qTxr4:8rbY-70b8vu9ORPm2xOBwAyf4DVxmgrxii7XPuXuVdE','2023-08-24 05:05:02.747000'),('nxw0qmlbf9fzp0u0hvw74hh4p4e75bav','e30:1pY2WT:l6MuHLTH3NPwowUvDtzQPfxccd0e6b0MiTLONayzwc0','2023-03-17 10:20:21.900000'),('o1obt6ltl3obwsbildifobobnlyf0gkp','eyJfc2Vzc2lvbl9pbml0X3RpbWVzdGFtcF8iOjE2NzgzNTc0NTEuMzc1MTU0NX0:1paDRT:VVPUtBreG5neczLU1htSm8ZiD2lcQXObGx22i50aVNQ','2023-03-23 10:24:11.452000'),('of5nmkhtu8sj7u8pbb0k9mk40ah321uu','e30:1pWyjq:rd7x6RsOM4mUXEkkQe7Fono1oc6CNZuAa-VZpHVFRGg','2023-03-14 12:05:46.011000');
/*!40000 ALTER TABLE `django_session` ENABLE KEYS */;
UNLOCK TABLES;

--
-- Dumping data for table `tbl_accounts`
--

LOCK TABLES `tbl_accounts` WRITE;
/*!40000 ALTER TABLE `tbl_accounts` DISABLE KEYS */;
INSERT INTO `tbl_accounts` VALUES (1,'pbkdf2_sha256$260000$q447vGVRfG5B7to9Sn7UYS$EgzDw3nhYxMmWGtWHVi0dSeNaN6iLPoOyLRihUAZgUc=','dhruvil','panchal','admin','greatkart@yopmail.com','','2023-02-14 07:45:52.263000','2023-03-06 07:10:30.681000',1,1,1,1),(5,'pbkdf2_sha256$260000$pnWj7XYitb76IuNdygHb50$qtitluJNkFFyWCCrl7p+JsHS9TXoqYDpf/8O59cdwu8=','Dhruvil','Panchal','person1','person1@yopmail.com','6354023031','2023-02-21 10:25:43.042000','2023-03-09 09:46:22.468000',0,0,0,1),(15,'pbkdf2_sha256$260000$BLF245QReUdKkFnt6p1ASn$YMtNXZL47b3kbq5uGzq+dtcxhOSKYIK7CjHEpFF8No8=','person2','person2','person2','person2@yopmail.com','6354023020','2023-02-23 10:33:26.431000','2023-02-23 11:11:29.751000',0,0,0,1),(16,'pbkdf2_sha256$260000$I4ixTkcRIjAuH9ugYIs3rZ$9afcWSAgxvdmj0aXiLrGD3hd7Cbzz2uOYaE9jETSRRQ=','Dhruvil','Panchal','dhruvil','dhruvil@yopmail.com','6354023021','2023-03-06 12:46:27.120000','2023-03-07 06:57:48.025000',0,0,0,1),(17,'pbkdf2_sha256$260000$VwafZQCglJD0ZW9BckZuSq$mAPlEo+K1MNpdbE3Nh31JCF7Vi+bghRWDfkW4gseang=','kishan','panchal','kishan','kishan@yopmail.com','6354023033','2023-03-09 09:21:06.841000','2023-03-09 09:21:50.815000',0,0,0,1);
/*!40000 ALTER TABLE `tbl_accounts` ENABLE KEYS */;
UNLOCK TABLES;

--
-- Dumping data for table `tbl_cart`
--

LOCK TABLES `tbl_cart` WRITE;
/*!40000 ALTER TABLE `tbl_cart` DISABLE KEYS */;
INSERT INTO `tbl_cart` VALUES (5,0,'2023-02-24 12:01:30.543000','2023-02-24 12:01:30.543000','g7cag807225j7dwr4zj1vs4n2q6tw8dh','2023-02-24'),(6,0,'2023-02-24 12:02:00.592000','2023-02-24 12:02:00.592000','qdg4x7cmjykg75mgswieuia4zldyoo41','2023-02-24'),(7,0,'2023-02-24 12:24:56.877000','2023-02-24 12:24:56.877000','3a3zoqwm5vg28nvy5n5ttg8zqteqkt37','2023-02-24'),(8,0,'2023-02-28 10:48:00.824000','2023-02-28 10:48:00.824000','yy2bqfy3w5v392o9i3cll34lk8ief3el','2023-02-28'),(9,0,'2023-02-28 10:49:03.134000','2023-02-28 10:49:03.134000','3g2kfhrt84tbnh0mqxaqqttfxi6qrrsa','2023-02-28'),(10,0,'2023-02-28 12:05:38.552000','2023-02-28 12:05:38.552000','8kn2303oe6n0coa7q6u5f7vcnwmh00pk','2023-02-28'),(11,0,'2023-02-28 12:11:39.780000','2023-02-28 12:11:39.780000','p0y3bxygc10vhvhecvvbotgdhh2u3bc1','2023-02-28');
/*!40000 ALTER TABLE `tbl_cart` ENABLE KEYS */;
UNLOCK TABLES;

--
-- Dumping data for table `tbl_categories`
--

LOCK TABLES `tbl_categories` WRITE;
/*!40000 ALTER TABLE `tbl_categories` DISABLE KEYS */;
INSERT INTO `tbl_categories` VALUES (1,1,'2023-02-14 08:39:34.561000','2023-02-14 08:39:34.561000','jackets','jackets','jackets','photos/categories/jackets.jpg'),(2,1,'2023-02-14 08:41:00.536000','2023-02-14 08:41:00.536000','jeans','jeans','jeans','photos/categories/jeans.jpg'),(3,1,'2023-02-14 08:41:50.368000','2023-02-14 08:41:50.368000','shirts','shirts','shirts','photos/categories/shirts.jpg'),(4,1,'2023-02-14 08:42:16.031000','2023-02-14 08:42:16.031000','shoes','shoes','shoes','photos/categories/shoes.png'),(5,0,'2023-02-14 08:42:43.407000','2023-02-14 08:42:43.407000','T Shirts','t-shirts','T Shirts','photos/categories/tshirts.jpg');
/*!40000 ALTER TABLE `tbl_categories` ENABLE KEYS */;
UNLOCK TABLES;

--
-- Dumping data for table `tbl_item_in_cart`
--

LOCK TABLES `tbl_item_in_cart` WRITE;
/*!40000 ALTER TABLE `tbl_item_in_cart` DISABLE KEYS */;
/*!40000 ALTER TABLE `tbl_item_in_cart` ENABLE KEYS */;
UNLOCK TABLES;

--
-- Dumping data for table `tbl_item_in_cart_variations`
--

LOCK TABLES `tbl_item_in_cart_variations` WRITE;
/*!40000 ALTER TABLE `tbl_item_in_cart_variations` DISABLE KEYS */;
/*!40000 ALTER TABLE `tbl_item_in_cart_variations` ENABLE KEYS */;
UNLOCK TABLES;

--
-- Dumping data for table `tbl_order_line`
--

LOCK TABLES `tbl_order_line` WRITE;
/*!40000 ALTER TABLE `tbl_order_line` DISABLE KEYS */;
INSERT INTO `tbl_order_line` VALUES (6,0,'2023-03-03 06:08:22.759000','2023-03-03 06:08:22.759000',2,100,1,10,7,1,5),(7,0,'2023-03-09 06:03:46.732000','2023-03-09 06:03:46.732000',1,100,1,11,8,1,16);
/*!40000 ALTER TABLE `tbl_order_line` ENABLE KEYS */;
UNLOCK TABLES;

--
-- Dumping data for table `tbl_order_line_variation`
--

LOCK TABLES `tbl_order_line_variation` WRITE;
/*!40000 ALTER TABLE `tbl_order_line_variation` DISABLE KEYS */;
INSERT INTO `tbl_order_line_variation` VALUES (5,6,10),(6,6,11),(7,7,1),(8,7,3);
/*!40000 ALTER TABLE `tbl_order_line_variation` ENABLE KEYS */;
UNLOCK TABLES;

--
-- Dumping data for table `tbl_orders`
--

LOCK TABLES `tbl_orders` WRITE;
/*!40000 ALTER TABLE `tbl_orders` DISABLE KEYS */;
INSERT INTO `tbl_orders` VALUES (10,1,'2023-03-03 06:08:08.522000','2023-03-03 06:08:08.522000','2023030310','person1','person1','6354023030','person1@yopmail.com','2 10 5, gayatrinagar society,','Near panchasara derasar','PATAN','GUJARAT','India','384265',NULL,204,4,'127.0.0.1',1,7,5,'New'),(11,1,'2023-03-09 06:03:36.545000','2023-03-09 06:03:36.545000','2023030911','Dhruvil','Panchal','6354023021','dhruvil@yopmail.com','2 10 5, gayatrinagar society,','Near panchasara derasar','PATAN','GUJARAT','India','384265',NULL,102,2,'127.0.0.1',1,8,16,'New');
/*!40000 ALTER TABLE `tbl_orders` ENABLE KEYS */;
UNLOCK TABLES;

--
-- Dumping data for table `tbl_payments`
--

LOCK TABLES `tbl_payments` WRITE;
/*!40000 ALTER TABLE `tbl_payments` DISABLE KEYS */;
INSERT INTO `tbl_payments` VALUES (1,0,'2023-03-02 10:44:52.630000','2023-03-02 10:44:52.630000','','cod','102.0','COMPLETED',5),(2,0,'2023-03-02 11:49:25.304000','2023-03-02 11:49:25.304000','','cod','102.0','COMPLETED',5),(3,0,'2023-03-02 12:05:40.480000','2023-03-02 12:05:40.480000','','cod','102.0','COMPLETED',5),(4,0,'2023-03-02 12:06:43.830000','2023-03-02 12:06:43.830000','','cod','102.0','COMPLETED',5),(5,0,'2023-03-02 12:30:22.030000','2023-03-02 12:30:22.030000','','cod','102.0','COMPLETED',5),(6,0,'2023-03-02 12:53:48.381000','2023-03-02 12:53:48.381000','','cod','102.0','COMPLETED',5),(7,0,'2023-03-03 06:08:22.570000','2023-03-03 06:08:22.570000','','cod','204.0','COMPLETED',5),(8,0,'2023-03-09 06:03:46.534000','2023-03-09 06:03:46.534000','','cod','102.0','NOT COMPLETED',16);
/*!40000 ALTER TABLE `tbl_payments` ENABLE KEYS */;
UNLOCK TABLES;

--
-- Dumping data for table `tbl_product_gallery`
--

LOCK TABLES `tbl_product_gallery` WRITE;
/*!40000 ALTER TABLE `tbl_product_gallery` DISABLE KEYS */;
INSERT INTO `tbl_product_gallery` VALUES (1,'store/products/image1.jpg',1),(2,'store/products/image2.jpg',1),(3,'store/products/image13.jpg',1);
/*!40000 ALTER TABLE `tbl_product_gallery` ENABLE KEYS */;
UNLOCK TABLES;

--
-- Dumping data for table `tbl_product_variation`
--

LOCK TABLES `tbl_product_variation` WRITE;
/*!40000 ALTER TABLE `tbl_product_variation` DISABLE KEYS */;
INSERT INTO `tbl_product_variation` VALUES (1,1,'2023-02-14 12:10:46.905000','2023-02-14 12:10:46.905000','color','Blue',1),(2,1,'2023-02-14 12:11:02.883000','2023-02-14 12:11:02.883000','color','Black',1),(3,1,'2023-02-14 12:11:23.952000','2023-02-14 12:11:23.952000','size','M',1),(4,1,'2023-02-14 12:11:35.679000','2023-02-14 12:11:35.679000','size','X',1),(5,1,'2023-02-14 12:13:50.000000','2023-02-14 12:13:50.000000','color','Blue',2),(6,1,'2023-02-14 12:14:09.474000','2023-02-14 12:14:09.474000','color','Red',3),(7,1,'2023-02-14 12:14:20.399000','2023-02-14 12:14:20.399000','size','M',3),(8,1,'2023-02-15 09:45:42.918000','2023-02-15 09:45:42.918000','color','Navey Blue',1),(9,1,'2023-02-15 09:46:27.895000','2023-02-15 09:46:27.895000','size','Large',1),(10,1,'2023-02-15 09:46:41.074000','2023-02-15 09:46:41.074000','color','White',1),(11,1,'2023-02-15 09:46:52.559000','2023-02-15 09:46:52.559000','size','Small',1);
/*!40000 ALTER TABLE `tbl_product_variation` ENABLE KEYS */;
UNLOCK TABLES;

--
-- Dumping data for table `tbl_products`
--

LOCK TABLES `tbl_products` WRITE;
/*!40000 ALTER TABLE `tbl_products` DISABLE KEYS */;
INSERT INTO `tbl_products` VALUES (1,1,'2023-02-14 08:50:08.137000','2023-02-14 08:50:08.137000','ATX-Jeans','atx-jeans','Lorem ipsum dolor sit amet, consectetur adipiscing elit. Pellentesque vel purus nunc. Etiam eu erat pharetra, lacinia odio at, facilisis metus. Interdum et malesuada fames ac ante ipsum primis in faucibus. Ut euismod pulvinar varius. Pellentesque non erat mi. Quisque non maximus justo. Proin cursus sapien sit amet nulla tristique elementum.',100,'photos/products/ATX-Jeans.jpg',95,1,2),(2,1,'2023-02-14 08:50:59.191000','2023-02-14 08:50:59.191000','Blue-Shirt','blue-shirt','Lorem ipsum dolor sit amet, consectetur adipiscing elit. Pellentesque vel purus nunc. Etiam eu erat pharetra, lacinia odio at, facilisis metus. Interdum et malesuada fames ac ante ipsum primis in faucibus. Ut euismod pulvinar varius. Pellentesque non erat mi. Quisque non maximus justo. Proin cursus sapien sit amet nulla tristique elementum.',50,'photos/products/Blue-Shirt.jpg',200,1,3),(3,1,'2023-02-14 08:58:42.382000','2023-02-14 08:58:42.382000','Great-Tshirt','great-tshirt','Lorem ipsum dolor sit amet, consectetur adipiscing elit. Pellentesque vel purus nunc. Etiam eu erat pharetra, lacinia odio at, facilisis metus. Interdum et malesuada fames ac ante ipsum primis in faucibus. Ut euismod pulvinar varius. Pellentesque non erat mi. Quisque non maximus justo. Proin cursus sapien sit amet nulla tristique elementum.',20,'photos/products/Great-Tshirt.jpg',200,1,5),(4,1,'2023-02-14 08:59:43.376000','2023-02-14 08:59:43.376000','jordan-true-flight-basketball-shoes','jordan-true-flight-basketball-shoes','Lorem ipsum dolor sit amet, consectetur adipiscing elit. Pellentesque vel purus nunc. Etiam eu erat pharetra, lacinia odio at, facilisis metus. Interdum et malesuada fames ac ante ipsum primis in faucibus. Ut euismod pulvinar varius. Pellentesque non erat mi. Quisque non maximus justo. Proin cursus sapien sit amet nulla tristique elementum.',30,'photos/products/jordan-true-flight-basketball-shoes.jpg',150,1,4),(5,1,'2023-02-14 09:01:40.664000','2023-02-14 09:01:40.664000','Mavi_jeans','mavi_jeans','Lorem ipsum dolor sit amet, consectetur adipiscing elit. Pellentesque vel purus nunc. Etiam eu erat pharetra, lacinia odio at, facilisis metus. Interdum et malesuada fames ac ante ipsum primis in faucibus. Ut euismod pulvinar varius. Pellentesque non erat mi. Quisque non maximus justo. Proin cursus sapien sit amet nulla tristique elementum.',350,'photos/products/Mavi_jeans.jpg',500,1,2),(6,1,'2023-02-14 09:02:32.457000','2023-02-14 09:02:32.457000','Puma-Ferrari-Shoes','puma-ferrari-shoes','Lorem ipsum dolor sit amet, consectetur adipiscing elit. Pellentesque vel purus nunc. Etiam eu erat pharetra, lacinia odio at, facilisis metus. Interdum et malesuada fames ac ante ipsum primis in faucibus. Ut euismod pulvinar varius. Pellentesque non erat mi. Quisque non maximus justo. Proin cursus sapien sit amet nulla tristique elementum.',40,'photos/products/Puma-Ferrari-Shoes.jpg',150,1,4),(7,1,'2023-02-14 09:03:52.820000','2023-02-14 09:03:52.820000','US-Polo-Assn_Jacket','us-polo-assn_jacket','Lorem ipsum dolor sit amet, consectetur adipiscing elit. Pellentesque vel purus nunc. Etiam eu erat pharetra, lacinia odio at, facilisis metus. Interdum et malesuada fames ac ante ipsum primis in faucibus. Ut euismod pulvinar varius. Pellentesque non erat mi. Quisque non maximus justo. Proin cursus sapien sit amet nulla tristique elementum.',250,'photos/products/US-Polo-Assn_Jacket.jpg',600,1,1),(8,1,'2023-02-14 09:04:30.550000','2023-02-14 09:04:30.550000','Wrangler-Shirt','wrangler-shirt','Lorem ipsum dolor sit amet, consectetur adipiscing elit. Pellentesque vel purus nunc. Etiam eu erat pharetra, lacinia odio at, facilisis metus. Interdum et malesuada fames ac ante ipsum primis in faucibus. Ut euismod pulvinar varius. Pellentesque non erat mi. Quisque non maximus justo. Proin cursus sapien sit amet nulla tristique elementum.',50,'photos/products/Wrangler-Shirt.jpg',100,1,3);
/*!40000 ALTER TABLE `tbl_products` ENABLE KEYS */;
UNLOCK TABLES;

--
-- Dumping data for table `tbl_review_rating`
--

LOCK TABLES `tbl_review_rating` WRITE;
/*!40000 ALTER TABLE `tbl_review_rating` DISABLE KEYS */;
INSERT INTO `tbl_review_rating` VALUES (1,0,'2023-03-03 12:06:18.789000','2023-03-03 12:06:18.789000','test title 1','Lorem ipsum dolor sit amet, consectetur adipiscing elit. Pellentesque vel purus nunc. Etiam eu erat pharetra, lacinia odio at, facilisis metus.',2.5,'127.0.0.1',1,1,5);
/*!40000 ALTER TABLE `tbl_review_rating` ENABLE KEYS */;
UNLOCK TABLES;

--
-- Dumping data for table `tbl_user_profile`
--

LOCK TABLES `tbl_user_profile` WRITE;
/*!40000 ALTER TABLE `tbl_user_profile` DISABLE KEYS */;
INSERT INTO `tbl_user_profile` VALUES (1,'2 10 5, abc society','Panchasara derasar','userprofile/logo.png','patan','Gujarat','India','384265',5),(2,'2 10 5, abc society','Panchasara derasar','userprofile/logo_X2yMLlN.png','PATAN','GUJARAT','India','384265',16),(3,'2 10 5, abc society','Panchasara derasar','userprofile/avatar2.jpg','PATAN','GUJARAT','India','384265',17);
/*!40000 ALTER TABLE `tbl_user_profile` ENABLE KEYS */;
UNLOCK TABLES;
/*!40103 SET TIME_ZONE=@OLD_TIME_ZONE */;

/*!40101 SET SQL_MODE=@OLD_SQL_MODE */;
/*!40014 SET FOREIGN_KEY_CHECKS=@OLD_FOREIGN_KEY_CHECKS */;
/*!40014 SET UNIQUE_CHECKS=@OLD_UNIQUE_CHECKS */;
/*!40101 SET CHARACTER_SET_CLIENT=@OLD_CHARACTER_SET_CLIENT */;
/*!40101 SET CHARACTER_SET_RESULTS=@OLD_CHARACTER_SET_RESULTS */;
/*!40101 SET COLLATION_CONNECTION=@OLD_COLLATION_CONNECTION */;
/*!40111 SET SQL_NOTES=@OLD_SQL_NOTES */;

-- Dump completed on 2023-11-08 17:43:59
